USE [iLibrarySystem]
GO
/****** Object:  Table [dbo].[tbl_UserActivity]    Script Date: 04/20/2020 22:31:50 ******/
SET ANSI_NULLS ON
GO
SET QUOTED_IDENTIFIER ON
GO
SET ANSI_PADDING ON
GO
CREATE TABLE [dbo].[tbl_UserActivity](
	[ID] [bigint] IDENTITY(1,1) NOT NULL,
	[USER_ID] [nvarchar](15) NOT NULL,
	[ACTIVITY] [varchar](300) NOT NULL,
	[ADDED_DATE] [datetime] NOT NULL
) ON [PRIMARY]
GO
SET ANSI_PADDING OFF
GO
/****** Object:  Table [dbo].[tbl_UserAccess]    Script Date: 04/20/2020 22:31:50 ******/
SET ANSI_NULLS ON
GO
SET QUOTED_IDENTIFIER ON
GO
CREATE TABLE [dbo].[tbl_UserAccess](
	[BookDetails] [bit] NULL,
	[BookEntry] [bit] NULL,
	[BookAuthor] [bit] NULL,
	[BookCategory] [bit] NULL,
	[BookLocation] [bit] NULL,
	[BookPolicy] [bit] NULL,
	[BorrowerDetails] [bit] NULL,
	[BorrowerEntry] [bit] NULL,
	[BorrowBook] [bit] NULL,
	[ReturnBook] [bit] NULL,
	[PayBook] [bit] NULL,
	[BorrowerRequest] [bit] NULL,
	[UserAccount] [bit] NULL,
	[UserAccess] [bit] NULL,
	[UserRole] [bit] NULL,
	[DBBackup] [bit] NULL,
	[ImportExport] [bit] NULL,
	[RBookList] [bit] NULL,
	[RBorrowerList] [bit] NULL,
	[ResetData] [bit] NULL,
	[Role] [nvarchar](15) NULL
) ON [PRIMARY]
GO
INSERT [dbo].[tbl_UserAccess] ([BookDetails], [BookEntry], [BookAuthor], [BookCategory], [BookLocation], [BookPolicy], [BorrowerDetails], [BorrowerEntry], [BorrowBook], [ReturnBook], [PayBook], [BorrowerRequest], [UserAccount], [UserAccess], [UserRole], [DBBackup], [ImportExport], [RBookList], [RBorrowerList], [ResetData], [Role]) VALUES (1, 1, 1, 1, 1, 1, 1, 1, 1, 1, 1, 1, 1, 1, 1, NULL, 1, 1, 1, NULL, N'ADMINISTRATOR')
INSERT [dbo].[tbl_UserAccess] ([BookDetails], [BookEntry], [BookAuthor], [BookCategory], [BookLocation], [BookPolicy], [BorrowerDetails], [BorrowerEntry], [BorrowBook], [ReturnBook], [PayBook], [BorrowerRequest], [UserAccount], [UserAccess], [UserRole], [DBBackup], [ImportExport], [RBookList], [RBorrowerList], [ResetData], [Role]) VALUES (0, 0, 0, 0, 0, 0, 0, 0, 0, 0, 0, 0, 0, 0, 0, NULL, 0, 1, 1, NULL, N'CLERK')
INSERT [dbo].[tbl_UserAccess] ([BookDetails], [BookEntry], [BookAuthor], [BookCategory], [BookLocation], [BookPolicy], [BorrowerDetails], [BorrowerEntry], [BorrowBook], [ReturnBook], [PayBook], [BorrowerRequest], [UserAccount], [UserAccess], [UserRole], [DBBackup], [ImportExport], [RBookList], [RBorrowerList], [ResetData], [Role]) VALUES (1, 1, 1, 1, 1, 1, 1, 1, 1, 1, 1, 1, 0, 0, 0, NULL, 0, 1, 1, NULL, N'USER')
/****** Object:  Table [dbo].[tbl_User]    Script Date: 04/20/2020 22:31:50 ******/
SET ANSI_NULLS ON
GO
SET QUOTED_IDENTIFIER ON
GO
CREATE TABLE [dbo].[tbl_User](
	[USERNAME] [nvarchar](50) NOT NULL,
	[FULLNAME] [nvarchar](50) NULL,
	[PASSWORD] [nvarchar](50) NULL,
	[ROLE] [nvarchar](50) NULL,
	[CONTACT_NO] [nvarchar](15) NULL,
	[ADDRESS] [nvarchar](250) NULL,
	[ADDED_BY] [nvarchar](50) NULL,
	[DATE_ADDED] [datetime] NULL,
	[STATUS] [nvarchar](10) NULL,
 CONSTRAINT [PK_tbl_User] PRIMARY KEY CLUSTERED 
(
	[USERNAME] ASC
)WITH (PAD_INDEX  = OFF, STATISTICS_NORECOMPUTE  = OFF, IGNORE_DUP_KEY = OFF, ALLOW_ROW_LOCKS  = ON, ALLOW_PAGE_LOCKS  = ON) ON [PRIMARY]
) ON [PRIMARY]
GO
INSERT [dbo].[tbl_User] ([USERNAME], [FULLNAME], [PASSWORD], [ROLE], [CONTACT_NO], [ADDRESS], [ADDED_BY], [DATE_ADDED], [STATUS]) VALUES (N'nikki', N'NICOLE KWAN', N'nikki', N'CLERK', N'0929292911', N'ANTIPOLO', N'Rolly', CAST(0x0000ABA100000000 AS DateTime), N'ACTIVE')
INSERT [dbo].[tbl_User] ([USERNAME], [FULLNAME], [PASSWORD], [ROLE], [CONTACT_NO], [ADDRESS], [ADDED_BY], [DATE_ADDED], [STATUS]) VALUES (N'rolly', N'ROLIMER E. PONO', N'rolly', N'ADMINISTRATOR', N'09773317615', N'SURIGAO CITY', N'Rolly', CAST(0x0000ABA200000000 AS DateTime), N'ACTIVE')
/****** Object:  Table [dbo].[tbl_Role]    Script Date: 04/20/2020 22:31:50 ******/
SET ANSI_NULLS ON
GO
SET QUOTED_IDENTIFIER ON
GO
CREATE TABLE [dbo].[tbl_Role](
	[ID] [bigint] IDENTITY(1,1) NOT NULL,
	[ROLE] [nvarchar](15) NOT NULL,
	[STATUS] [nvarchar](10) NULL,
 CONSTRAINT [PK_tbl_Role] PRIMARY KEY CLUSTERED 
(
	[ROLE] ASC
)WITH (PAD_INDEX  = OFF, STATISTICS_NORECOMPUTE  = OFF, IGNORE_DUP_KEY = OFF, ALLOW_ROW_LOCKS  = ON, ALLOW_PAGE_LOCKS  = ON) ON [PRIMARY]
) ON [PRIMARY]
GO
SET IDENTITY_INSERT [dbo].[tbl_Role] ON
INSERT [dbo].[tbl_Role] ([ID], [ROLE], [STATUS]) VALUES (2, N'ADMINISTRATOR', N'ACTIVE')
INSERT [dbo].[tbl_Role] ([ID], [ROLE], [STATUS]) VALUES (3, N'CLERK', N'ACTIVE')
INSERT [dbo].[tbl_Role] ([ID], [ROLE], [STATUS]) VALUES (1, N'USER', N'ACTIVE')
SET IDENTITY_INSERT [dbo].[tbl_Role] OFF
/****** Object:  Table [dbo].[tbl_Policy]    Script Date: 04/20/2020 22:31:50 ******/
SET ANSI_NULLS ON
GO
SET QUOTED_IDENTIFIER ON
GO
CREATE TABLE [dbo].[tbl_Policy](
	[DUE_PENALTY] [float] NOT NULL,
	[LOST_DAMAGE_INTEREST] [float] NULL,
	[MAX_DAYS_BORROW] [int] NOT NULL,
	[MAX_BOOK_BORROW] [int] NULL
) ON [PRIMARY]
GO
INSERT [dbo].[tbl_Policy] ([DUE_PENALTY], [LOST_DAMAGE_INTEREST], [MAX_DAYS_BORROW], [MAX_BOOK_BORROW]) VALUES (5, 5, 7, 5)
/****** Object:  Table [dbo].[tbl_Penalties]    Script Date: 04/20/2020 22:31:50 ******/
SET ANSI_NULLS ON
GO
SET QUOTED_IDENTIFIER ON
GO
CREATE TABLE [dbo].[tbl_Penalties](
	[TRANSACTION_NO] [nvarchar](50) NULL,
	[ADDED_DATE] [nvarchar](10) NULL,
	[TOTAL_DUE] [decimal](6, 2) NULL
) ON [PRIMARY]
GO
INSERT [dbo].[tbl_Penalties] ([TRANSACTION_NO], [ADDED_DATE], [TOTAL_DUE]) VALUES (N'TRX-000001', N'2020-04-24', CAST(60.00 AS Decimal(6, 2)))
/****** Object:  Table [dbo].[tbl_Location]    Script Date: 04/20/2020 22:31:50 ******/
SET ANSI_NULLS ON
GO
SET QUOTED_IDENTIFIER ON
GO
CREATE TABLE [dbo].[tbl_Location](
	[ID] [bigint] IDENTITY(1,1) NOT NULL,
	[LOCATION] [nvarchar](50) NOT NULL,
	[STATUS] [nvarchar](10) NULL,
 CONSTRAINT [PK_tbl_Location] PRIMARY KEY CLUSTERED 
(
	[LOCATION] ASC
)WITH (PAD_INDEX  = OFF, STATISTICS_NORECOMPUTE  = OFF, IGNORE_DUP_KEY = OFF, ALLOW_ROW_LOCKS  = ON, ALLOW_PAGE_LOCKS  = ON) ON [PRIMARY]
) ON [PRIMARY]
GO
SET IDENTITY_INSERT [dbo].[tbl_Location] ON
INSERT [dbo].[tbl_Location] ([ID], [LOCATION], [STATUS]) VALUES (1, N'FLOOR - A', N'ACTIVE')
INSERT [dbo].[tbl_Location] ([ID], [LOCATION], [STATUS]) VALUES (2, N'FLOOR - B', N'ACTIVE')
INSERT [dbo].[tbl_Location] ([ID], [LOCATION], [STATUS]) VALUES (3, N'FLOOR - C', N'ACTIVE')
INSERT [dbo].[tbl_Location] ([ID], [LOCATION], [STATUS]) VALUES (6, N'FLOOR - D', N'ACTIVE')
SET IDENTITY_INSERT [dbo].[tbl_Location] OFF
/****** Object:  Table [dbo].[tbl_Category]    Script Date: 04/20/2020 22:31:50 ******/
SET ANSI_NULLS ON
GO
SET QUOTED_IDENTIFIER ON
GO
CREATE TABLE [dbo].[tbl_Category](
	[ID] [bigint] IDENTITY(1,1) NOT NULL,
	[CATEGORY] [nvarchar](20) NOT NULL,
	[STATUS] [nvarchar](15) NOT NULL,
 CONSTRAINT [PK_tbl_Category] PRIMARY KEY CLUSTERED 
(
	[CATEGORY] ASC
)WITH (PAD_INDEX  = OFF, STATISTICS_NORECOMPUTE  = OFF, IGNORE_DUP_KEY = OFF, ALLOW_ROW_LOCKS  = ON, ALLOW_PAGE_LOCKS  = ON) ON [PRIMARY]
) ON [PRIMARY]
GO
SET IDENTITY_INSERT [dbo].[tbl_Category] ON
INSERT [dbo].[tbl_Category] ([ID], [CATEGORY], [STATUS]) VALUES (9, N'DICTIONARY', N'ACTIVE')
INSERT [dbo].[tbl_Category] ([ID], [CATEGORY], [STATUS]) VALUES (7, N'FICTION', N'ACTIVE')
INSERT [dbo].[tbl_Category] ([ID], [CATEGORY], [STATUS]) VALUES (4, N'GENERAL SCIENCE', N'ACTIVE')
INSERT [dbo].[tbl_Category] ([ID], [CATEGORY], [STATUS]) VALUES (5, N'HISTORY', N'ACTIVE')
INSERT [dbo].[tbl_Category] ([ID], [CATEGORY], [STATUS]) VALUES (8, N'PROGRAMMING', N'ACTIVE')
SET IDENTITY_INSERT [dbo].[tbl_Category] OFF
/****** Object:  Table [dbo].[tbl_BorrowerRequest]    Script Date: 04/20/2020 22:31:50 ******/
SET ANSI_NULLS ON
GO
SET QUOTED_IDENTIFIER ON
GO
CREATE TABLE [dbo].[tbl_BorrowerRequest](
	[ID] [bigint] IDENTITY(1,1) NOT NULL,
	[BOOK_ID] [nvarchar](50) NULL,
	[BORROWER_ID] [nvarchar](50) NOT NULL,
	[BOOK_NO] [nvarchar](50) NOT NULL,
	[TITLE] [nvarchar](50) NULL,
	[SUBJECT] [nvarchar](50) NULL,
	[CATEGORY] [nvarchar](50) NULL,
	[AUTHOR] [nvarchar](50) NULL,
	[PUBLISH_DATE] [nvarchar](10) NULL,
	[ISBN_NUMBER] [nvarchar](50) NULL,
	[LOCATION] [nvarchar](50) NULL,
	[BOOK_PRICE] [decimal](6, 2) NULL,
	[RENT_PRICE] [decimal](6, 2) NULL,
	[DUE_PENALTY_INTEREST] [decimal](6, 2) NULL,
	[LOST_DAMAGE_INTEREST] [decimal](6, 2) NULL,
	[ADDED_DATE] [nvarchar](10) NULL,
	[ADDED_BY] [nvarchar](50) NULL,
	[MODIFIED_DATE] [nvarchar](10) NULL,
	[MODIFIED_BY] [nvarchar](50) NULL,
	[DAYS_BORROWED] [int] NULL,
	[REMARKS] [nvarchar](50) NULL,
	[STATUS] [nvarchar](50) NULL
) ON [PRIMARY]
GO
SET IDENTITY_INSERT [dbo].[tbl_BorrowerRequest] ON
INSERT [dbo].[tbl_BorrowerRequest] ([ID], [BOOK_ID], [BORROWER_ID], [BOOK_NO], [TITLE], [SUBJECT], [CATEGORY], [AUTHOR], [PUBLISH_DATE], [ISBN_NUMBER], [LOCATION], [BOOK_PRICE], [RENT_PRICE], [DUE_PENALTY_INTEREST], [LOST_DAMAGE_INTEREST], [ADDED_DATE], [ADDED_BY], [MODIFIED_DATE], [MODIFIED_BY], [DAYS_BORROWED], [REMARKS], [STATUS]) VALUES (24, N'1', N'BWR-00001', N'BKR-00001', N'INTRO TO PROGRAMMING (C#.NET)', N'PROGRAMMING', N'PROGRAMMING', N'LYNDA D COM', N'2020-04-18', N'1001', N'FLOOR - A', CAST(800.00 AS Decimal(6, 2)), CAST(150.00 AS Decimal(6, 2)), CAST(5.00 AS Decimal(6, 2)), CAST(5.00 AS Decimal(6, 2)), N'2020-04-19', N'BWR-00001', N'2020-04-19', N'admin', 1, NULL, N'SETTLED')
INSERT [dbo].[tbl_BorrowerRequest] ([ID], [BOOK_ID], [BORROWER_ID], [BOOK_NO], [TITLE], [SUBJECT], [CATEGORY], [AUTHOR], [PUBLISH_DATE], [ISBN_NUMBER], [LOCATION], [BOOK_PRICE], [RENT_PRICE], [DUE_PENALTY_INTEREST], [LOST_DAMAGE_INTEREST], [ADDED_DATE], [ADDED_BY], [MODIFIED_DATE], [MODIFIED_BY], [DAYS_BORROWED], [REMARKS], [STATUS]) VALUES (25, N'1', N'BWR-00001', N'BKR-00001', N'INTRO TO PROGRAMMING (C#.NET)', N'PROGRAMMING', N'PROGRAMMING', N'LYNDA D COM', N'2020-04-18', N'1001', N'FLOOR - A', CAST(800.00 AS Decimal(6, 2)), CAST(150.00 AS Decimal(6, 2)), CAST(5.00 AS Decimal(6, 2)), CAST(5.00 AS Decimal(6, 2)), N'2020-04-19', N'BWR-00001', N'2020-04-19', N'admin', 1, NULL, N'SETTLED')
INSERT [dbo].[tbl_BorrowerRequest] ([ID], [BOOK_ID], [BORROWER_ID], [BOOK_NO], [TITLE], [SUBJECT], [CATEGORY], [AUTHOR], [PUBLISH_DATE], [ISBN_NUMBER], [LOCATION], [BOOK_PRICE], [RENT_PRICE], [DUE_PENALTY_INTEREST], [LOST_DAMAGE_INTEREST], [ADDED_DATE], [ADDED_BY], [MODIFIED_DATE], [MODIFIED_BY], [DAYS_BORROWED], [REMARKS], [STATUS]) VALUES (26, N'1', N'BWR-00001', N'BKR-00002', N'INTRO TO PROGRAMMING (C#.NET)', N'PROGRAMMING', N'PROGRAMMING', N'LYNDA D COM', N'2020-04-18', N'1002', N'FLOOR - A', CAST(800.00 AS Decimal(6, 2)), CAST(150.00 AS Decimal(6, 2)), CAST(5.00 AS Decimal(6, 2)), CAST(5.00 AS Decimal(6, 2)), N'2020-04-19', N'BWR-00001', N'2020-04-19', N'admin', 1, NULL, N'SETTLED')
INSERT [dbo].[tbl_BorrowerRequest] ([ID], [BOOK_ID], [BORROWER_ID], [BOOK_NO], [TITLE], [SUBJECT], [CATEGORY], [AUTHOR], [PUBLISH_DATE], [ISBN_NUMBER], [LOCATION], [BOOK_PRICE], [RENT_PRICE], [DUE_PENALTY_INTEREST], [LOST_DAMAGE_INTEREST], [ADDED_DATE], [ADDED_BY], [MODIFIED_DATE], [MODIFIED_BY], [DAYS_BORROWED], [REMARKS], [STATUS]) VALUES (28, N'1', N'BWR-00001', N'BKR-00001', N'INTRO TO PROGRAMMING (C#.NET)', N'PROGRAMMING', N'PROGRAMMING', N'LYNDA D COM', N'2020-04-18', N'1001', N'FLOOR - A', CAST(800.00 AS Decimal(6, 2)), CAST(150.00 AS Decimal(6, 2)), CAST(5.00 AS Decimal(6, 2)), CAST(5.00 AS Decimal(6, 2)), N'2020-04-19', N'BWR-00001', N'2020-04-19', N'admin', 1, NULL, N'SETTLED')
INSERT [dbo].[tbl_BorrowerRequest] ([ID], [BOOK_ID], [BORROWER_ID], [BOOK_NO], [TITLE], [SUBJECT], [CATEGORY], [AUTHOR], [PUBLISH_DATE], [ISBN_NUMBER], [LOCATION], [BOOK_PRICE], [RENT_PRICE], [DUE_PENALTY_INTEREST], [LOST_DAMAGE_INTEREST], [ADDED_DATE], [ADDED_BY], [MODIFIED_DATE], [MODIFIED_BY], [DAYS_BORROWED], [REMARKS], [STATUS]) VALUES (29, N'1', N'BWR-00002', N'BKR-00002', N'INTRO TO PROGRAMMING (C#.NET)', N'PROGRAMMING', N'PROGRAMMING', N'LYNDA D COM', N'2020-04-18', N'1002', N'FLOOR - A', CAST(800.00 AS Decimal(6, 2)), CAST(150.00 AS Decimal(6, 2)), CAST(5.00 AS Decimal(6, 2)), CAST(5.00 AS Decimal(6, 2)), N'2020-04-19', N'BWR-00002', N'2020-04-19', N'admin', 1, NULL, N'SETTLED')
INSERT [dbo].[tbl_BorrowerRequest] ([ID], [BOOK_ID], [BORROWER_ID], [BOOK_NO], [TITLE], [SUBJECT], [CATEGORY], [AUTHOR], [PUBLISH_DATE], [ISBN_NUMBER], [LOCATION], [BOOK_PRICE], [RENT_PRICE], [DUE_PENALTY_INTEREST], [LOST_DAMAGE_INTEREST], [ADDED_DATE], [ADDED_BY], [MODIFIED_DATE], [MODIFIED_BY], [DAYS_BORROWED], [REMARKS], [STATUS]) VALUES (30, N'1', N'BWR-00001', N'BKR-00001', N'INTRO TO PROGRAMMING (C#.NET)', N'PROGRAMMING', N'PROGRAMMING', N'LYNDA D COM', N'2020-04-18', N'1001', N'FLOOR - A', CAST(800.00 AS Decimal(6, 2)), CAST(150.00 AS Decimal(6, 2)), CAST(5.00 AS Decimal(6, 2)), CAST(5.00 AS Decimal(6, 2)), N'2020-04-19', N'BWR-00001', N'2020-04-19', N'admin', 1, NULL, N'SETTLED')
INSERT [dbo].[tbl_BorrowerRequest] ([ID], [BOOK_ID], [BORROWER_ID], [BOOK_NO], [TITLE], [SUBJECT], [CATEGORY], [AUTHOR], [PUBLISH_DATE], [ISBN_NUMBER], [LOCATION], [BOOK_PRICE], [RENT_PRICE], [DUE_PENALTY_INTEREST], [LOST_DAMAGE_INTEREST], [ADDED_DATE], [ADDED_BY], [MODIFIED_DATE], [MODIFIED_BY], [DAYS_BORROWED], [REMARKS], [STATUS]) VALUES (32, N'1', N'BWR-00001', N'BKR-00003', N'INTRO TO PROGRAMMING (C#.NET)', N'PROGRAMMING', N'PROGRAMMING', N'LYNDA D COM', N'2020-04-18', N'1003', N'FLOOR - A', CAST(800.00 AS Decimal(6, 2)), CAST(150.00 AS Decimal(6, 2)), CAST(5.00 AS Decimal(6, 2)), CAST(5.00 AS Decimal(6, 2)), N'2020-04-20', N'BWR-00001', N'2020-04-20', N'admin', 1, NULL, N'SETTLED')
INSERT [dbo].[tbl_BorrowerRequest] ([ID], [BOOK_ID], [BORROWER_ID], [BOOK_NO], [TITLE], [SUBJECT], [CATEGORY], [AUTHOR], [PUBLISH_DATE], [ISBN_NUMBER], [LOCATION], [BOOK_PRICE], [RENT_PRICE], [DUE_PENALTY_INTEREST], [LOST_DAMAGE_INTEREST], [ADDED_DATE], [ADDED_BY], [MODIFIED_DATE], [MODIFIED_BY], [DAYS_BORROWED], [REMARKS], [STATUS]) VALUES (33, N'1', N'BWR-00001', N'BKR-00009', N'INTRO TO PROGRAMMING (C#.NET)', N'PROGRAMMING', N'PROGRAMMING', N'LYNDA D COM', N'2020-04-18', N'1009', N'FLOOR - A', CAST(800.00 AS Decimal(6, 2)), CAST(150.00 AS Decimal(6, 2)), CAST(5.00 AS Decimal(6, 2)), CAST(5.00 AS Decimal(6, 2)), N'2020-04-20', N'BWR-00001', N'2020-04-20', N'admin', 1, NULL, N'SETTLED')
INSERT [dbo].[tbl_BorrowerRequest] ([ID], [BOOK_ID], [BORROWER_ID], [BOOK_NO], [TITLE], [SUBJECT], [CATEGORY], [AUTHOR], [PUBLISH_DATE], [ISBN_NUMBER], [LOCATION], [BOOK_PRICE], [RENT_PRICE], [DUE_PENALTY_INTEREST], [LOST_DAMAGE_INTEREST], [ADDED_DATE], [ADDED_BY], [MODIFIED_DATE], [MODIFIED_BY], [DAYS_BORROWED], [REMARKS], [STATUS]) VALUES (35, N'3', N'BWR-00001', N'BKR-00022', N'DISCOVERING ANCIENT TOMB', N'MYSTERY', N'HISTORY', N'VINCENT B GALLOS', N'2020-04-18', N'3006', N'FLOOR - B', CAST(600.00 AS Decimal(6, 2)), CAST(250.00 AS Decimal(6, 2)), CAST(5.00 AS Decimal(6, 2)), CAST(5.00 AS Decimal(6, 2)), N'2020-04-20', N'BWR-00001', N'2020-04-20', N'admin', 1, NULL, N'SETTLED')
INSERT [dbo].[tbl_BorrowerRequest] ([ID], [BOOK_ID], [BORROWER_ID], [BOOK_NO], [TITLE], [SUBJECT], [CATEGORY], [AUTHOR], [PUBLISH_DATE], [ISBN_NUMBER], [LOCATION], [BOOK_PRICE], [RENT_PRICE], [DUE_PENALTY_INTEREST], [LOST_DAMAGE_INTEREST], [ADDED_DATE], [ADDED_BY], [MODIFIED_DATE], [MODIFIED_BY], [DAYS_BORROWED], [REMARKS], [STATUS]) VALUES (36, N'4', N'BWR-00001', N'BKR-00029', N'THE PERFECTIONIST', N'MYTH', N'FICTION', N'VINCENT B GALLOS', N'2020-04-18', N'4003', N'FLOOR - B', CAST(550.00 AS Decimal(6, 2)), CAST(200.00 AS Decimal(6, 2)), CAST(5.00 AS Decimal(6, 2)), CAST(5.00 AS Decimal(6, 2)), N'2020-04-20', N'BWR-00001', N'2020-04-20', N'admin', 1, NULL, N'SETTLED')
INSERT [dbo].[tbl_BorrowerRequest] ([ID], [BOOK_ID], [BORROWER_ID], [BOOK_NO], [TITLE], [SUBJECT], [CATEGORY], [AUTHOR], [PUBLISH_DATE], [ISBN_NUMBER], [LOCATION], [BOOK_PRICE], [RENT_PRICE], [DUE_PENALTY_INTEREST], [LOST_DAMAGE_INTEREST], [ADDED_DATE], [ADDED_BY], [MODIFIED_DATE], [MODIFIED_BY], [DAYS_BORROWED], [REMARKS], [STATUS]) VALUES (27, N'1', N'BWR-00002', N'BKR-00003', N'INTRO TO PROGRAMMING (C#.NET)', N'PROGRAMMING', N'PROGRAMMING', N'LYNDA D COM', N'2020-04-18', N'1003', N'FLOOR - A', CAST(800.00 AS Decimal(6, 2)), CAST(150.00 AS Decimal(6, 2)), CAST(5.00 AS Decimal(6, 2)), CAST(5.00 AS Decimal(6, 2)), N'2020-04-19', N'BWR-00002', N'2020-04-19', N'admin', 1, NULL, N'SETTLED')
INSERT [dbo].[tbl_BorrowerRequest] ([ID], [BOOK_ID], [BORROWER_ID], [BOOK_NO], [TITLE], [SUBJECT], [CATEGORY], [AUTHOR], [PUBLISH_DATE], [ISBN_NUMBER], [LOCATION], [BOOK_PRICE], [RENT_PRICE], [DUE_PENALTY_INTEREST], [LOST_DAMAGE_INTEREST], [ADDED_DATE], [ADDED_BY], [MODIFIED_DATE], [MODIFIED_BY], [DAYS_BORROWED], [REMARKS], [STATUS]) VALUES (34, N'2', N'BWR-00001', N'BKR-00013', N'THE MERIAM DICTIONARY FULL EDITION', N'DICTIONARY', N'DICTIONARY', N'MERIAM B DEXTER', N'2020-04-18', N'2003', N'FLOOR - A', CAST(500.00 AS Decimal(6, 2)), CAST(200.00 AS Decimal(6, 2)), CAST(5.00 AS Decimal(6, 2)), CAST(5.00 AS Decimal(6, 2)), N'2020-04-20', N'BWR-00001', N'2020-04-20', N'admin', 1, NULL, N'SETTLED')
INSERT [dbo].[tbl_BorrowerRequest] ([ID], [BOOK_ID], [BORROWER_ID], [BOOK_NO], [TITLE], [SUBJECT], [CATEGORY], [AUTHOR], [PUBLISH_DATE], [ISBN_NUMBER], [LOCATION], [BOOK_PRICE], [RENT_PRICE], [DUE_PENALTY_INTEREST], [LOST_DAMAGE_INTEREST], [ADDED_DATE], [ADDED_BY], [MODIFIED_DATE], [MODIFIED_BY], [DAYS_BORROWED], [REMARKS], [STATUS]) VALUES (37, N'7', N'BWR-00002', N'BKR-00053', N'COVID-2019', N'VIRUS', N'GENERAL SCIENCE', N'LEONARD A AMOR', N'2020-04-18', N'7001', N'FLOOR - B', CAST(600.00 AS Decimal(6, 2)), CAST(150.00 AS Decimal(6, 2)), CAST(5.00 AS Decimal(6, 2)), CAST(5.00 AS Decimal(6, 2)), N'2020-04-20', N'BWR-00002', NULL, NULL, 1, NULL, N'REQUEST')
INSERT [dbo].[tbl_BorrowerRequest] ([ID], [BOOK_ID], [BORROWER_ID], [BOOK_NO], [TITLE], [SUBJECT], [CATEGORY], [AUTHOR], [PUBLISH_DATE], [ISBN_NUMBER], [LOCATION], [BOOK_PRICE], [RENT_PRICE], [DUE_PENALTY_INTEREST], [LOST_DAMAGE_INTEREST], [ADDED_DATE], [ADDED_BY], [MODIFIED_DATE], [MODIFIED_BY], [DAYS_BORROWED], [REMARKS], [STATUS]) VALUES (38, N'7', N'BWR-00002', N'BKR-00054', N'COVID-2019', N'VIRUS', N'GENERAL SCIENCE', N'LEONARD A AMOR', N'2020-04-18', N'7002', N'FLOOR - B', CAST(600.00 AS Decimal(6, 2)), CAST(150.00 AS Decimal(6, 2)), CAST(5.00 AS Decimal(6, 2)), CAST(5.00 AS Decimal(6, 2)), N'2020-04-20', N'BWR-00002', NULL, NULL, 1, NULL, N'REQUEST')
INSERT [dbo].[tbl_BorrowerRequest] ([ID], [BOOK_ID], [BORROWER_ID], [BOOK_NO], [TITLE], [SUBJECT], [CATEGORY], [AUTHOR], [PUBLISH_DATE], [ISBN_NUMBER], [LOCATION], [BOOK_PRICE], [RENT_PRICE], [DUE_PENALTY_INTEREST], [LOST_DAMAGE_INTEREST], [ADDED_DATE], [ADDED_BY], [MODIFIED_DATE], [MODIFIED_BY], [DAYS_BORROWED], [REMARKS], [STATUS]) VALUES (39, N'5', N'BWR-00002', N'BKR-00039', N'INTRO TO PROGRAMMING (ASP.NET MVC)', N'PROGRAMMING', N'PROGRAMMING', N'LYNDA D COM', N'2020-04-18', N'5004', N'FLOOR - C', CAST(950.00 AS Decimal(6, 2)), CAST(300.00 AS Decimal(6, 2)), CAST(5.00 AS Decimal(6, 2)), CAST(5.00 AS Decimal(6, 2)), N'2020-04-20', N'BWR-00002', NULL, NULL, 1, NULL, N'REQUEST')
INSERT [dbo].[tbl_BorrowerRequest] ([ID], [BOOK_ID], [BORROWER_ID], [BOOK_NO], [TITLE], [SUBJECT], [CATEGORY], [AUTHOR], [PUBLISH_DATE], [ISBN_NUMBER], [LOCATION], [BOOK_PRICE], [RENT_PRICE], [DUE_PENALTY_INTEREST], [LOST_DAMAGE_INTEREST], [ADDED_DATE], [ADDED_BY], [MODIFIED_DATE], [MODIFIED_BY], [DAYS_BORROWED], [REMARKS], [STATUS]) VALUES (40, N'4', N'BWR-00002', N'BKR-00031', N'THE PERFECTIONIST', N'MYTH', N'FICTION', N'VINCENT B GALLOS', N'2020-04-18', N'4005', N'FLOOR - B', CAST(550.00 AS Decimal(6, 2)), CAST(200.00 AS Decimal(6, 2)), CAST(5.00 AS Decimal(6, 2)), CAST(5.00 AS Decimal(6, 2)), N'2020-04-20', N'BWR-00002', NULL, NULL, 1, NULL, N'REQUEST')
INSERT [dbo].[tbl_BorrowerRequest] ([ID], [BOOK_ID], [BORROWER_ID], [BOOK_NO], [TITLE], [SUBJECT], [CATEGORY], [AUTHOR], [PUBLISH_DATE], [ISBN_NUMBER], [LOCATION], [BOOK_PRICE], [RENT_PRICE], [DUE_PENALTY_INTEREST], [LOST_DAMAGE_INTEREST], [ADDED_DATE], [ADDED_BY], [MODIFIED_DATE], [MODIFIED_BY], [DAYS_BORROWED], [REMARKS], [STATUS]) VALUES (41, N'1', N'BWR-00003', N'BKR-00002', N'INTRO TO PROGRAMMING (C#.NET)', N'PROGRAMMING', N'PROGRAMMING', N'LYNDA D COM', N'2020-04-18', N'1002', N'FLOOR - A', CAST(800.00 AS Decimal(6, 2)), CAST(150.00 AS Decimal(6, 2)), CAST(5.00 AS Decimal(6, 2)), CAST(5.00 AS Decimal(6, 2)), N'2020-04-20', N'BWR-00003', NULL, NULL, 1, NULL, N'REQUEST')
INSERT [dbo].[tbl_BorrowerRequest] ([ID], [BOOK_ID], [BORROWER_ID], [BOOK_NO], [TITLE], [SUBJECT], [CATEGORY], [AUTHOR], [PUBLISH_DATE], [ISBN_NUMBER], [LOCATION], [BOOK_PRICE], [RENT_PRICE], [DUE_PENALTY_INTEREST], [LOST_DAMAGE_INTEREST], [ADDED_DATE], [ADDED_BY], [MODIFIED_DATE], [MODIFIED_BY], [DAYS_BORROWED], [REMARKS], [STATUS]) VALUES (42, N'1', N'BWR-00003', N'BKR-00001', N'INTRO TO PROGRAMMING (C#.NET)', N'PROGRAMMING', N'PROGRAMMING', N'LYNDA D COM', N'2020-04-18', N'1001', N'FLOOR - A', CAST(800.00 AS Decimal(6, 2)), CAST(150.00 AS Decimal(6, 2)), CAST(5.00 AS Decimal(6, 2)), CAST(5.00 AS Decimal(6, 2)), N'2020-04-20', N'BWR-00003', NULL, NULL, 1, NULL, N'REQUEST')
INSERT [dbo].[tbl_BorrowerRequest] ([ID], [BOOK_ID], [BORROWER_ID], [BOOK_NO], [TITLE], [SUBJECT], [CATEGORY], [AUTHOR], [PUBLISH_DATE], [ISBN_NUMBER], [LOCATION], [BOOK_PRICE], [RENT_PRICE], [DUE_PENALTY_INTEREST], [LOST_DAMAGE_INTEREST], [ADDED_DATE], [ADDED_BY], [MODIFIED_DATE], [MODIFIED_BY], [DAYS_BORROWED], [REMARKS], [STATUS]) VALUES (43, N'1', N'BWR-00004', N'BKR-00006', N'INTRO TO PROGRAMMING (C#.NET)', N'PROGRAMMING', N'PROGRAMMING', N'LYNDA D COM', N'2020-04-18', N'1006', N'FLOOR - A', CAST(800.00 AS Decimal(6, 2)), CAST(150.00 AS Decimal(6, 2)), CAST(5.00 AS Decimal(6, 2)), CAST(5.00 AS Decimal(6, 2)), N'2020-04-20', N'BWR-00004', NULL, NULL, 1, NULL, N'REQUEST')
INSERT [dbo].[tbl_BorrowerRequest] ([ID], [BOOK_ID], [BORROWER_ID], [BOOK_NO], [TITLE], [SUBJECT], [CATEGORY], [AUTHOR], [PUBLISH_DATE], [ISBN_NUMBER], [LOCATION], [BOOK_PRICE], [RENT_PRICE], [DUE_PENALTY_INTEREST], [LOST_DAMAGE_INTEREST], [ADDED_DATE], [ADDED_BY], [MODIFIED_DATE], [MODIFIED_BY], [DAYS_BORROWED], [REMARKS], [STATUS]) VALUES (44, N'1', N'BWR-00004', N'BKR-00010', N'INTRO TO PROGRAMMING (C#.NET)', N'PROGRAMMING', N'PROGRAMMING', N'LYNDA D COM', N'2020-04-18', N'1010', N'FLOOR - A', CAST(800.00 AS Decimal(6, 2)), CAST(150.00 AS Decimal(6, 2)), CAST(5.00 AS Decimal(6, 2)), CAST(5.00 AS Decimal(6, 2)), N'2020-04-20', N'BWR-00004', NULL, NULL, 1, NULL, N'REQUEST')
SET IDENTITY_INSERT [dbo].[tbl_BorrowerRequest] OFF
/****** Object:  Table [dbo].[tbl_Borrower]    Script Date: 04/20/2020 22:31:50 ******/
SET ANSI_NULLS ON
GO
SET QUOTED_IDENTIFIER ON
GO
CREATE TABLE [dbo].[tbl_Borrower](
	[BORROWER_ID] [nvarchar](50) NOT NULL,
	[FIRST_NAME] [nvarchar](50) NULL,
	[MIDDLE_NAME] [nvarchar](50) NULL,
	[LAST_NAME] [nvarchar](50) NULL,
	[DOB] [nvarchar](10) NULL,
	[AGE] [int] NULL,
	[CONTACT_NO] [nvarchar](50) NULL,
	[ADDRESS] [nvarchar](50) NULL,
	[ADDED_DATE] [nvarchar](10) NULL,
	[ADDED_BY] [nvarchar](50) NULL,
	[MODIFIED_DATE] [nvarchar](10) NULL,
	[MODIFIED_BY] [nvarchar](50) NULL,
	[STATUS] [nvarchar](10) NULL,
	[PROFILE_PIC] [nvarchar](max) NULL,
 CONSTRAINT [PK_tbl_Students_1] PRIMARY KEY CLUSTERED 
(
	[BORROWER_ID] ASC
)WITH (PAD_INDEX  = OFF, STATISTICS_NORECOMPUTE  = OFF, IGNORE_DUP_KEY = OFF, ALLOW_ROW_LOCKS  = ON, ALLOW_PAGE_LOCKS  = ON) ON [PRIMARY]
) ON [PRIMARY]
GO
INSERT [dbo].[tbl_Borrower] ([BORROWER_ID], [FIRST_NAME], [MIDDLE_NAME], [LAST_NAME], [DOB], [AGE], [CONTACT_NO], [ADDRESS], [ADDED_DATE], [ADDED_BY], [MODIFIED_DATE], [MODIFIED_BY], [STATUS], [PROFILE_PIC]) VALUES (N'BWR-00001', N'NICOLE', N'J', N'KWAN', N'1990-04-18', 30, N'0920102201', N'ANTIPOLO', N'2020-04-18', N'admin', N'', N'', N'ACTIVE', N'5EkAAB+LCAAAAAAABABUmkdzq8C2hX+QBgQBhmGTc84zQIicQYRf//rcV3dwXeXq09+xFzL03nst2S7aSxbf15PDucAuwH8/jBOAtAJgcAB44B45wQqXFfIV8hXyFfIVOdkQADY04JpWbDg4bPjAPXJy8Ms5qMNBHQ7qcFCHgzrcAvkC+QL5AvkC+YKcPNThoQ4PdXiow0MdHurwCOQI5AjkCOQI5AjyGBAbwIBr2hpg8A3wwD3kK+Qr5CvkK+Qr5CvymCHgzdCAa9qa4eCb4QP3yGNBHQvqWFDHgjoW1LGgjrVAvkC+QL5AvkC+II8NdWyoY0MdG+rYUMeGOjYCOQI5AjkCOQI5guAJAFICDLimQwKGKAEP3EO+Qr5CvkK+Qr5CviJ4GgIpDQ24pkMaDlEaPnCP4BnUyaBOBnUyqJNBnQzqZAvkC+QL5AvkC+QLgudQJ4c6OdTJoU4OdXKokyOQI5AjkCOQI5AjCNkBoHbAgGs6d2BIO/DAPeQr5CvkK+Qr5CvkK0L2IVD70IBrOvfhkPbhA/cIOUCdAeoMUGeAOgPUGaDOsEC+QL5AvkC+QL4g5Ah1RqgzQp0R6oxQZ4Q6IwI5AjkCOQI5AjmC0Od/DqcB13Q7wVCc4IF7yFfIV8hXyFfIV8hXhL5CYFyhAdd0u8KhuMIH7hH6hjo31Lmhzg11bqhzQ517gXyBfIF8gXyBfEHoB+o8UOeBOg/UeaDOA3UeBHIEcgRyBHJ4BB8EvlAAbBoYcE1/NBi+NHjgHvIV8hXyFfIV8hXyFUGYENhMaMA1/THh8GXCB+4R5AV1XlDnBXVeUOcFdV5Q57VAvkC+QL5AvkC+wAtDHQTqIFAHgToI1EGgDoJAjkCOQI5A/u/IIrCu//eDk0kWCPCaJ9D/H9RAhXvQwp/TUoTEkhR2Vlm2C122Vh9NOQXDoL9sfXlXtYtVpHWJO3SNZw9eanJzLwX1wiWbXjWGcP9TZDGC4wDPk8Wdsv0j2RrgHHCGRsRtFSuhi5pVEc5uRyRc7lzl/m1ybVp5fiCtsm7ittievrEowSZotdrcq5AFyQdMrl6daqAJIvfh3rZ2Cmq1S4aZpLInUZRnqU0gku3kuGSV2IB2wkis6kSKDbnKEuNJ6JD72lMnrZkauB8ldP+KTc7wOPt4U+x+qb9vK6lagg6g8UV3D3nTY+MKy/ZwjRJDO1pRKxPfxdf+Zm4h9MO8xQnzhXRbEvj6eLODAn/GgNtdElV/SWjocowQTt1Ltdd3XrhML7YrB3PJEtNBnVawfmy3oOPxEX5F+/29pSx0P0wYIpg0Xi2fp74TSdVG9+FHaKQ3x9bUOwvEojoXzsSYHxt38lgLv9jjnVTtzlmSWzQaQIduU/Ipg/44a9L1/hosHCbMl+IkdGmmF2bNVtD3PQxsMeZNnleeF0muul1B4I5gFsrSidhunvaiEQeUdau7SQuvcrpo+ZSsr4udPLhNyiuG+uHCof6wNrvwshyqxVPXbSasqcHOwU4I2CSjAzsvqvQQ0bB1uYQvPRYuWvQLCmkeDLFkNzEK0sQTmyTy3Tq8vD5NEm6Ru1nC5cHp+GEYspeaJTI9RsqMt9SXSQkyzW9hyoqDUCkpc/LLoYQZ1Ot3zFQND2shVW9bJXKJpwUfnrjcZOawjPt+ytglTcKmytx54eqI5eKu08IQvOGoUqXrvLzFy+W3jPbyhllb3McBpV6z63+1OYjF5evtapY9dJYNVWZT5KwsyqC0W5fowLVFTY2CNReVS4PPqoctknY1KRLv/o2JaNLtkdMhrnmlSjKAu9WWTc6/fjQNSx9yjGDQ+99EYNafvzffwOMY7QeGqjJyLrF+RD596/f+eTW/H5JSuCRczob35VgMGCJEgzwZBCYWNormUf5h+6S7nXRXBMFpZdprPW5/elO3BAENP6iDE/KahQzNvUarTp0fnGeew8l0QCp0z7WYF7yNWqVMrwwDHS3SOKEdIp7fGcdnXI8ck88rL2X0pZmUFMmr4Mvs5zfzePeBlZlbay+8XMGX0VoF4Xv2jb5H2n/LrMKBYjNET3lfW3v5apNaEqqYH0olnq12RD6yL64u7HGQPK/lteoxCNcNyZ6J+d9fRKDk4n6rMwwPSSQ+H0Z2tE/KHBdsnD8C0f/kB1nM+i1/vnAyKe9PXYwV2SJ/p0ry9uwxDGvDwz57Nc/xLnurh7G7Sq1GqtLHona1Rf/nNXU6nakUmj9vDf54/2o+M6PUVrawqPZ1gk6wSTOT3w8aVoZyvfKtKKiut0vkvrApw/bHd+/XlcH+S3HncbDOEB9Stcu8lBFm1Il8OeVKpTCMG/D2DqrubtWWXiUrUulkzM/kJX8HIxfONDTrAH4b1i/9+hqzrM8kyoh/EVXV7kpyichUTlO/+Q8nIIPq/jn+wJrpnPF1bR0s/3hVVNQ3u6CCLwUrI+mOo4icZ0w/1SCWt8VnPTUbQKi/ySmXAcJyLvUpKJmJGlIWX1bRLzuQKwJcvTGdhsudqRY6e2inJ3oHs8l98oB/YH9mDbKJ9m9l9KRXjMUciJ0N68s93ez4qvEb9QhMuDxtiIK5DNShP5hHNI3XI3OG67KvtxepCVfd6iU3g+t60Sbba9F/WGlXHAdd9UpVKa6TKfpHx9NPMAev3sjNxMNbfdho8bXnatm4f/ZJDoRGxRw8wB0/ieed1Xq7194ETxWNzm4Ko/B0kL/OWbzDlExFkTkjNlU26eeWqq8spyfsRzIkd8VnlvB19+kgifZQ/kA9/umIKiW/JhQ23u29W9RjgzxrAV9Sne0nx4QF0UpiLhgNZ0w5B34YFUUa0J8CVeml/HnbSjGFqypW//52tt6Omsw0Up+9otCViaLg+lhYNIuWqdgD3YbWGvGqf/rE7nRz3EzUcagm7aC5m97IUcnuirzwiRFnu/6TDqqSV7O/nK7ftdn1l6G66DIayhXRrcRbGWnuQPwpTSeqpciyWSoI4DqUTvWRQHHcwMOL9gVGdpzwhfuJtDOLZt+8VGTo/YgKJ6WjhSYfBFZZjTr0PP5ZL+3aUr52YulzGZ73Ri/3bCyfzlBT2w1+Pn6puovjxx0bEtc/FYaZf3OArkupuno0eV0nZ7p4cDTzK5WtISNs8B/co0Rf6skJuFu0XzOi4dt+gTnDxM4qulzPiNlz2ihR2EDxG1EPsd5jPmpGQkNWwRuWq+mZ/4X5QUxzjnpJt/FUp03o1OhSdjXe7pqlizfIEcqCkBQk+ecZV0LXSlhzGaCY7ozs1pN1Sim5P9RrYH+4lMKNMfTYHrOZjVlYJKXQh7a9VC9FEE5MApSeOL3kekHulOK61QlBvS+NCuzvikUif6LSm8Ddc9JU/zmTUIik3Hte3y7R/inRrMKmxX4YTRkvbOh2fK3RoBB07fbFVTfjLDMHdXmS7U9StwNhPI7LvgZpxq/36QKSlD8fj76bTK5unRfu8nEK8C+fnSHVVHUw4j4w34J2h2/vvrtft7uv6DO0rregrnXT74JRwcYPj60tSD8vrPrLdPChCmGmEvZnoHm3rFIupDhbZW+FlzYjYytgBL0TcOZKVi4V1qJubXj1OXbxytkMc68eg7f3nLl78Oc7ljUnI+FgTIsZ1wN4vnZ1mck5oDvZySpECH70a/a+c9gWINRAFHW6oBKcVRW/Ji7+cHeY0Adh2vZ8pXSX7t8Cju1x0gc2WanDLrBochSHvGDBzMpPyrDIIB3sOQaDEe0qMANU+Cqb4RxdTNdcc/K/UacEq+zk4wwUHfMaP5sdTdGUEDFboySaW1ycdh6t7rgWzjFQvD8+3tX2hNaT9r/p5X4JqsxM+or0h1Mxjc2TlRP8kCFBFFy0X7Gbntw8/0rmoypFcHasb4wgvOMlBHms30Xr3ndDRbw/K39Xq3VzuVjWty6VvzAGKUP+4eHE2ApJcAlxHu6of66tOvn0uyfkOHyIVTU4xVT4TRVUfX4RofoK3qOwzqygqxqmjwbJpIz+/WyrNc+WW+yschlf9BFju5pmS0cdw3mQr+1gyOI/ZDmFfyOr1bX0nwncde5Ntx1D1FJ9//ErT0muOYqlnszVYdbrPK4EuE3KaI3i4mj0eqcEFuAR2uMwXxep6RfuFng+IbuW4YyCEm6546cJeXFu2OKPCcvaOM+M7NcbtMqDolPCNgI4uFe5VWETcLj2aT4o2lmW6zIWNqKh0xXPLbWq4Yb65s901dqfOXCqT0DhCrxGB+4KTPpK10FfdS7dRZk+cdOlyD0wxVe+v5+0aEKPHPK89pt0vrpN8Gxv6vL7E8qsWy/RBjte4C3yfhe4yuYvsrG5DvT7VTWpA5BtJjwde/qvE1Ul43fmVsuvT2V57t2nlvzWQ1y/ECTAJDWdgsCSwOl+mzmYfU0Yc6oYxdyYxQ16xErSvLdIwN7Db7PyCGR1/8F/Zxq4cy+RzhfrqmcAI1NRN3/h+bwSfLFSUlCEvY3rGrRF3OEqOrmldllGo1viR2KcHl6nfHoD+6QKbctVQNrKomdKahgcv92wW7lGUZCCu/4lYscpD4zQzN4F1ADYZg+cV7oJohAosWBJ1lR6Fi8k+fuboHNYy3qnBM07SS61InSuaAPUuBbKQYxI0wLCcvCkMd1Q+A0yO2o1LFIgvm1HCJIMLAKMcNfv31RJf26linEp7slPcAy5fsRGslNR8oygggnNZGpCgqm9FnSs+pW+5sBmRMsI84S8esvVW+3MelLIHhTkdSvJAzi+PIsESJmyyt4jKx68uyHeRWz/jm0Pe0RvEstHGATOSdmfpvjB5lYvbdRJs5H4DCYBUqpHifC0xJVaGQoRePZOPVuOG9toErkqHPAW7w5da/c916ULgurl48JZOmIT10I8hOLJjMrp1TqLedDZd1+3bdpWmvQ7ntvWDWSRrps9VURldTu2D3US4+ROYEWFldg45yzZSosWV/tHBAJqu0PyeSvlkHS+xsngW2cddw1czeb0KH8Eis251E1ETYBBsxEZjdPJdBbSr9oOEdnBW92/k7R+imoIR87rePj9FiuPBy5v6/OJ2Td4jXU2rcjpKaej4AebkGaVTFvh+tXtG0MmD1PPqlh1xVLXEFtYRyindEByBddE7ZflpvuhMO8hLXa6/mvR2p+ddNHp2BUK1xsaVyyMekLh17CEW/9e8VsQa/eFp4W7RHV2O22f+QGqPiTMgVeIh5rvYquwpHe8PcYWuU9b1K3FpSh/w/7lJDQRuZ6huF1u1k5Nkm/7xZ+zSxbBUA+DxIceGhhR5K3RVlWVV38jBadyoul6rkkbR0rEoCG/6MVX7j1tsPPytxoHKgVqdOZk9Xk2IjOJISroIDpAP2OBwwfzoHTTh8yOuT0r+mIrF98tImKsskG902loBQz6Kf+lJeu4aFBt6czsCCUu3VVKr9qbkbS3ydUYcb4pKSxd2WwqQP/vHQEh6RghCZMimGhhXjWDJi6tdHWhFxn1I6FGKZGfo3QSPrS4riu5TgXDN/wF0W8X6pN1i9Nxv3fdzNCj4Ek8tfqq1pO9FK4pGaZQpTaY7yAqxjfeuYpqiZhSBY/TALETVzdKSVppku+nx/LWaXwaxv93gqO3KTAkzNWJ8FsEY5ZOz/gGQ1zk2mbXwqjHmlEXsNoS8OkDcY3Rom3MPljioGbZ7S3Zy7GIddf+CqdS0vIj9K4vFEneGtWEhQFzedLJWUJQSo0+NRuszeC+prSLBN6gtMHRxIu0koT4Cb7w6UptruMprH/qF8G/PiaInNDzOnryupyore5/skQQvfPxr0G3Bx3kiU+YgZlsT8Jv9YyGzNJNyeQO8pBKUpCMzaULN3FJvn9Nz5Em5i4qBeO7uASm8Bmg/iI4xFVsQBW89fQj/9q3EBWdALU/rzAa1MthwrgebdUzZLSMQN1xv1xOV00OynpSk0sqV3wlErmAkTQal1gIAqJbPTWaCGK/Vnes497JcDayRG6U17+Kz/2JnTW9Hmp3ocTs80pszPmTWyeTyk3dCG4o8hg/rJCVeyT2ZlaVqFqQCCUX4vqWZ8o9qn6q+JOXEzAKVjBWZfgAupDHpYT2rag/gO6y5dbVR64mEp/XpxGGvxgJa8vePOUn5CQ/BSs5+GQgyfzcvFGlG2f6fgKz6SfiJTba0Pw9RztbZIR/ladUTmqtpGt5zsjnsChImXVRz7TbpyrOcRfdh1szLWp9sG7a+oQNOP30Gym/atdTLWpLt7DBE1/tNjfsmPHzDhM/zh7SM5J1VNJFkRq53vvKIkaazdxuqeoKkVKCKfLt17ko21x+KXKSsA/PKJLhX/8uLKH54/tURLWAmzXU7z1NozzeELnF/sMxFDfWSD+zcs7wr+bWz6u+hCkji6G5anmo/9LbbRInIvKLMvJ68Zfl7w89Q1X8Sdc9RcZJRvFvqS+qS85Oq0PFDHyVaNP2jPefQ41nXYQOQsEb2O19vbldF4BCSiVHW5RmzLok/HIRMDiivQRAMMdAKkIs2YpTKp83/xJPeCR77Xsr77amHn6LaXP6ea5pR6lgMDJbrn9ui+yH4U6SJn2rrouuERlLB027FFW74Btkd7sIH8MXUtKRBRDV+N60BtqdLvkXDlZs1ovVbL97yzhyoFIhvF1DCXnJEesMqK8d6PsGlNhtdaU5f+RXhoZQRH9euHT+TXwoaTEHeJCcc7QjcW1f0km16ToNt57xXwFe48TKNFs+n1ZNhi3WDXrkq9YPtMYmg8PWFbvrgbivwP6FQF8xeL0e6BEyhMXL8qhQuFJeErNRtnkNJfh0+MGeE3tfph42hF48hhXIY5t7tz2clFkeED2eDt1TzPfHVg/NuHfd0pmTwvp3cfHGVEmbC/i/zOFW/uT2weHzvKof5fF6/vq0U7a3nBghJPYgKtZmr1TuylqGT7fwh7pI+es64rSYduguifrRszArlLDQqsT8zv64WHPyfSYzHls7jSL99wOcGMNPn+GWl8P1ncm9PoBHnEqYlJpte/8Y3Xlvx3dEbJUEPANGvEl2VkMYx/S5ZU549Pp2eGauUKoAonIPrXws21gA5+K8ntWYaE4yR93oVs/wtXWFuhO/3smGQRUREcxGfxWuMRWHOA6WXIC3f+d3KE/7nWGhLjMR8hpypTaaQ0aGPG6h98lllsjTd/1788EX3vrFjv1+osoefGLekJudYa2AKBSu8H59zSslSPTLd+AJBWrugBfTQYtHgK8eOy08PvRlgedvEu60MNq/GecT9c531Rnby0OapN5kL1mGkpX07a+taFeziVzjbL+LlbqYnjVjpPfkVImMOgJmxKquvM3fcAazntaRoZiX4oKrcUBkxJ/ol1jcfJotqsg6NoGXVwF7vKT4a771BAtJl4RPqysc88qfX5AB3EoXzNwJEgZgH82SwKDnbXkp3osgmyDOrbdzJJMphCErLOyfqYyum3UybCTRWfbe4hngERwQhgC8eRp8fQfU7F9V+m+nDk8L2AhBHJpsm1sQUOJBjcOVzjkjesdX1tJA007djpDPlEj3t+GPXza6rRmaVXUVId0gQNtMYKEiULo/YHSC8g2widYOrr3B2bIJiueEoGqR0dgCIe4PMBTjXaxvfnrdILvfvC6w7u/+kX/3/uf5JnrjqHEnE+ApvHqmTlgbQkiJC/UB2FdnFnmPSEvn9UHuUFD+2Mf7BcCIbtgLJjCQTBB0tcEX+RqNgnBhjfon12Gg/YD8K/lkSYD2PfmzLvmvRgPlcD7sd3UxOkyYc2KF0+p/cpU+46MMPd496J9WkUZGjP5fSQ6/L5VjDGN6eJwkbu3x3ooAeX0D68755HWCJIOdm4HDtEBeh43hMKgzDImBT/U6YGNBKm5CdpbYAa9qFZitkyelWyd0liOo409bmy6an2CXSvMksTfuzD8tFOTfK5NLb8AnIS26RNLLNhSkXpLlJlYDQkOnsCI0xOEw4UOY7JVEx0dUT3cmEdZMCdev/RtP3h1lTCejPA53il9OayvcHE+WNgGPqw5brM7fLmxCsRy0pdHSJFzskXeDkrHZHDxmQrl5G9QCBRZ5YOhL1+OIVMFTapHafH/smwGc/Do52wHTQVW80hJr69mirkunreSO+BfpzRj0nZQylVdyfcuwf+KXDTeH/7ogvASXcybkxKm/pAc2EwfvkJPJFhFLuZ0+g56t+Qg73rRw4W8qX74WXPTfYYBT8qsQgT7yWJnGr+xqx+ZPTrDjzd+m5NYuirxT7m36hwDgYykLQGSlM2Llj2OzxkRPccJb/uzc7GNl9SzUjTLFrMR1ntT1kzpIXi8M3gw/0dErLlYyBzXYo2RSqzsxfLWu970xNieUeLY6wQaAACzgU+AK2TrZXENyW3EUocmcYSL1lD9eVaJafXV2n6E856DtZzbLea6SHW/rxs0ksa6oT5jOC63t4jobBjbs59TEa1hOCAvQBsy12kzGHan0UbXNFQSJEUyegYXd3N2JPSfd7ct3utRjvGoF9Wl3vw65xklEQ/QwykPf+UYJ1hp2XkKlyKtRo0D69dfrAGegTXQ5NdCbG+6at+zBN/2ZFKZ0Y9+BztO2TayoTEhnwQIOeWOKiinlX/jnrYnr9j+jnZRBm2RheK3349G7F2cmoNNiVDa81A2JOZpA2Odgyqmm4BtmndklzxzauNmb8euZ2BcODCu3TJOgVTZ+s+msIKrZjbt6lAEhocD8eV4Se7vKr6tZLK0l2XE1XZQaBq91vaTntXCw1wjG0T6tULfErhjdOUl45h13y5Oc/5a0RzHo5gC7LgLV9IiEa7feq0/TbBpJGmbofyhf1+ZGkYbqx54tz9vnrM5pSr3NgRMiLYCZwt2YeckbNBn4bXX0oeJwOF+TPJ2alxYPD0kQTCzLUT9JNyp4DSF6Tp2f29nI/mZp38J6a4maDoUr+kY4TYbWyveB0sNtM4KGOeO4ssI9cS3YK29xfPFPqbqb5OBkCeve7Lk6goE4B5pT1Zrq/nJJExthRLvA5wyJJOBQf4ZwZq2weQtA2AwRxuyaA8j+W3Uec4+vEmhlk6aeyqgyMPlbeTjUouduToL+8/r7LvEy+zb6gY6nirA7z93047/PU+O51BheXdP8aXSXh6DmBTyaFkt1tKqBZyfkgkkWxbG4l0xtU9cPhGc6W0ld9YisJ0mhxoJj2mQuP6t5TRxqVLkthbp7znCwXGIlBT57ROs8XyAbjMWtTVt6v9/kH+/gQ/iLfZpakRfwzp1nTI5mI3BOhbdJsSp1t3DH9lvq9DTV636uy4VrJsXgkfjo+h+34LhSwme2LJ5zvItJOVS66CavSPXxLujPpSxYPTWE6kRpoX0un2uW++nXZGa0cpSGMVi6r2gtqZhYC/Wj89dN9PaEJzu3RvcG45092yW7ZsPTB1OqItD6UPHE0xGIDt2aQ3defCVegzltrl8y9InL7/h8Lvwg4uVKb+qrsCjdm4zzzeXDkGVWNwYFgexBEGEHtFGyYql3C7omaVxso7TQG0peudnVoSqp/30mnpTL/Re68PxmksOVhnCNHTuZKsvhnFJrdKXbqVN3k/DxBZc+ZmYnYeKLa54XR1KpQ9raNvFOPSM3F50zrBq20rjwnJM15ue+m5J6EZgQUyGPXLr4kqOO3rjOCF0NtjuuYw0wZQGqloqajSdXsUFCAI600C7ThMRQlX5RB5NU2ELY/j4cAmDbs1rRbjzX6DrHuRDBA4PjrqrQqu4i05PTX601OVcCrORXiNO/d43cTmjqqpr/dDM5qV54jZ9G+D4FSfQGTnemeln0MV5s6Gnc2xqvMGVlIqG84aUUxFhVvYcZAtcroABGsQqe8rBbJDJFzA6hQgwtKhl1pJqSlXz5xs9qAn24SsjORdSUmDF5mW3kx1Zr2F2wdkhBXfex1EXYT1HgzW3yLHD24DABHEqsBHNTozPFtnowlGDlKO/KF50CQUDwZhBhMOcQjCj36sUcX/HHFMSDeBg3AcAD4ON/lVBMDrj81Dcyb500iRwEo7/G5srgDXXOzMomp15Y2Xa5UONFo6r/0IOzn2mRjO/nuoRBVSTPngiHIATHCb9fgb+1tfKFnFbc7Wcm1c5U0k/33E59pQ/qEG/YL2wyY+KOkbrQS3ihRUXKW5egoBt39F6Lk0094PZkWAShdtCAS9KJhVVONC5sCInXvYwKZOglcLaNNzW3nkXdcp4R1Ng3Kps78oSimt0Z7Yrm+hMkIfkx6seTvlkTZHQyeAce/J1hIwm++rr0mCEF2Zjc6iLIwBE/oHE1uc0GpS5V1uopItu9NFNi5RDgj0Rk0S8m1LePRJ4GvG1E1OweroqdULaKjT+Z5aMMtjzTZRsjmqYbFzs1ePltoAx/3WK9hJXyO2928zK1Nvk7sEI0CATLSP2mveAlqvXieN5Iz+Z50R/xXXW41Dism5+U5H9fBfmgdif9RW5leK/cMAWdbKjD/mHmpWYa60pUG4a48+5zAbAOYLmtk66gyrZ78o0i+munqz9m961y0HNcW7NlJ9nK9GjUNpF9MinfRSF9tew2nU5rHORC3gyuNYcZzxXZO/PIIbHiisf2mi+5bqTPqGm/3OL5ffkFJPRoZf3m3NW1I2/sVWzuNV4WvD1tA+fsplrkLW103EmefHb85eDzeaKg/eGXUv8moHl3uCW3h9xZF5uMOEWKbvkaZxi61fdHPJoIGl4hmrM0HYRk/laOl8IGmVJDa/rGWKP7WNhsWd57NL/Y5d/7fIVu31y5ywrvabCT/hbipjPEcqr4p6ntXvr27JYaO7F2euH0vpFgxB8rHUpBDq47tz6O7vY3o0r3k9GLU3+fuqmvug6q4rvvRdeMYva7OrcbM8HUy97afUo11YCyqsvP3pmypvhEVpwHh3tc5nveNG/HiCr2czUNbDGGmGm/SxPkCXuuGs8xNRdC/UN+H7U5fjBBiB/F4TnBEJaeLN/lH56ykhNqNa5+XplWFNGZXYNhtrCclo9xD/5KTbWSQrfd+a3KC1JWf2A37yKEUVa6V4Pp5ADvnoLrd38Ntky4Fm00C+YiaNx2JwKi0v/+kg+s+0cppYBqhWchZ/FLhA30+caVKed2hNDzHQOdzNsmHDf1we55IIDZSTH/xrWNr5uFN85G9xaCgi8/2DKBSk768+93X5EGCu2M0FMPPM+JAoR88Y7KkcOpParRcHgU76SMlZXNfl5WwjpIxy7m6ws2dfKOxJ8JKzQ/9H5cro8OXa6eIj7tA/2uJ5vx1/fCMvvw5flxtlUtpbs7axfa7fpQR9FM67+hgWoG2bj1WxwCBWle2CYEfyWQxhmGwCuGaWhQ5f33/CTJr9tep4lzaNIXremfOIVPqn4DyXQB+hepNlJvZAbMqwwSnblQ8WaGz1/oT03beD/Vp8knMmQYl7cssYKpwC4ZDJ9Bjc/8RQE2x65enBXb8PkulVjhlay/LWxPI3tg93qEtFmEr811xc6yYZt06puqEEFVX07SfmH/iu1MCcjZnH6EqgrrmAJCIGFe+Esfi5q4Dp08ZV8mToExgsPPKgDXKLXpoBJ3LbQuP4V5T3+e3+ZmB7vXjjGtKyX8/bh0sxqXrhOxMmJrti2CgyNpqTk4L94oAZ1aK3zYp8uC+YcqbbekTmvPnrD/qUbAPf3LAJ2QLCY1VywvOz+GyzmSmJTkump6mznrlTg8uR06Mf0OWBWv8HG6Ut3okndsS0OeOcgeqthmad4oCnlNVrosAVM6FFWw8g3Id9xAw6H5v6Agmfc0N59GEXKDHxchQZNOkPyTXdTFsG/OBYvA+mvAddmUz8Mr2e6TGn8vhQwsVB8MsoCV+MjZA0fw03IFNbglbD/cdAUUCyvQS5sKdOLLP19E4MSK45wa8B2Q889xtqmnsYYFuF5QsaG43bpzXtOm5w6aPdAqEYmnamKiHd3wJ/fLBZ8dP8muPj1e+2gDrSt0F0kC6gYaXxVZkSANC45FUVWOleNIUzw8cFkc9V/AZzlUdTkghCraeH/aHbHVgnHg4QOp7ZOtsHH4SMmfEiRSlY3lQz6ER7C7Kk3FHzVICN2uKLeR+6Y1b4WK5Q0mRJs7MYMe9GV2nabQRafLMKHcp2YHXPdFo+2Xt/fXr7tkyYERfAXVEY6v0xzXgVl/HbZl62zpsGezhMZxB85F/bU8PalIXQBtWLKqAWOr9kvBKpdTCrySidISZ8mKXe0C1XPTlr0dEt3RiNcJRN+wq2fBS0iIEI6aG3B48SzWQlS4GoqsIQwOUsrahTVVGS970zqFvUicRHIO4VXxF7P1T9JtAz+9fh/BiWBlwyEjlo5hjP0WGmETzOERF0ynu1vTQzdofbxByNVGgl5CJrSFcxcgm1bjYUJlikGjUUptoJbzbfVDCa1eCYgzLy/JPEhDXasHuRnBefxXbeNuXctjJYmfyjoa3bFo6gfWYO20CY6osw7JpBaJqQnyqs53UgTjwpaFUb2kx+YdrsFF2FgsUAdhYhYxP6BV7U83t3b9WTOuMnvU1ecd8F1R2BvJ7X6RXsWaMcZG0P1On4+t7JY0t/fKRWXjiY0TvxERfw+aq/OKgBO0s47kZDTfGehc8hmkCXSJMZ60CPsXffRFUtehsrG1sxTYzF6z2t+2cUVyrnEEtwCR21hNbZCk+eEn/fuTfZGgQOUGQCAq2n2tpGW+SCciVnGNqislEvElJGz/qwbwQT0ibte2mFnxL/Gxv2qqAPTwYOUr3hF+BCq37lKLgaZzGoqcIQFTRCAAOx5YCTm1QSgpceP0tBTAdqHcpPkOdkyJ9sZF3cInvfW4r0xAG3YKJ87yPIVmnhP85QhuKr7zkcqA7wXBsSJiwjPe0OeMGhlfVTohPQVAsKqhEainYB6aUanNkg1gzWZSJeFFmNDQOcvRyCOrcIxngODVlsvyTEjAOd888c7CIBFvejN39kyT8OehD/NXQTMRqjcekfdfpdxDtT1Oq8BnqFIlAbrvXxZKZ/obvWeWSyd6wZ6S/6lKUnBJARSuLZLvWkyFBAB7d+nNGxxx5R/t9e+NrqCSPVY7r0MR6Cq7EQM0woZ+946TmTNAcmpWWKM63tNWb6KK/WRWM06bMXKks40CCDh5tJQylI+j5WjXuHjZiZLAO84GHIL3Wrdk/U3nxB1fA0lq3f47+p7fxMmHDc5Aq1kPFdIuTiZlBERbgfQv8BMm0udou65sDmShawm32sVvM25/HeuuHJmEjUBGwNXzWFFMUfFTOVU/2jW7nOftyk7JMDR+zXT/1pwKc2vpD3J1BKbxaAq3T8WUVV1yTVWtB6KFyYn3qUwCU5PmG5mrhMvB7UkXZm0v9DTTE/2aEkd+WtCO6hzcmEHFNSiljxxgBoiHXfRhsv46cZ8+P+2SnVXFZVnDSCD4QTUFeWe73axSRrXlg2QZFqpa/R1U8P78+coj13gVPdGQfFskkvVZEt79W1tDjOX8UUSyqIaZMpkzSxBRlpKqBbxVFvBVNcCeJIfpEyyMEPz6OggWXvwt+t9APBg51dQ+dSFv3mbRmOyFNswHVLicmHox869lG+Jq6zLX4R7UXS1sMv/IqzFdAn+4RPB39e2aN4vizNqlc03jYv8jAl7946uMgq3M/lRTG7YH6wd7aW4woYfWlR/SkLAHqs/3kjT55QmlcMKXL648r6yyHboS06mCpo/pDgt/bZUmdDn3VxjhEA5fVkd9vgIzzmv5WYv4xkD7VWmlpVXfaF8isYp9H3oV3g2FcYptkNraYULLCZNS7+JCCP3PL5HShPrV+1VH3ZRKVI/8zbPD/tV3dutn2lBMGKRKlaqVSRqsgTlZvYwfY3aHBOljT7+pl/LyiuHCP+1699O/905VoFU16+wNB9YYy/9+/cfwn9mKTOEvggmkJJSp6SUDUErwrU21FGCHFfynL1PTf6HmoUfuiCmkmIHvJ2Alg4AHGE87rnU5MkxIMCX6RTBd4TUfwg5J+FpeccP+zYVCEivbs3RqUIsTT/gziACAQlLS3FGpqhGZN6cY4AaulDnf6CrePwqELZuWSVkbAT2ZpfYv+xgAIUAoRVroEVlspP7NpXqznA/xRaokfzlWaNSTG65fLjPFmvM/DDyl5aL3hGhYvaEyUPbyp+QdnHCeFwht5bvEzRor7j3n2syYDAg8a4biEIwaFFrHkaADpXsqqctpX4f6em7rWXqihUeifb/GYdtkz3WeOLpyNKnN9Fk5MU1kDh5+USQXarP+4GlufApXhJ2ZbtVJ9ExpnESSrAHmbHKKQoFT7sdv3ucPA44vaGNQaacRxOlPON5tI6c6O1YRHxVen3yYulg6LC14qY3I9mtwQKraJJYi8fMivBdZKmLJdzmJOWzyA31/61wdW3WoVpSI6HXGR3IWUT71LIH1lmSL7rTfx+L8V0QdsO+Qb8F7i0apDr/GLNCI7p/QMIDg1iLg9d6GfuNyWFSK5GY12DqKl4Z7hrwvzk4FKmDl8A8xE3aguuGsXZf6WQbL0TUwAHCSsvNv05bq+jUc9fjhq3DviEBZBYs1SyVhuzsRZMf040MEyTDJpL616qR0WN0/pjoF97lvwdqwUSqsOuIM7jJoGo+Tsc4SiMSgcYPHryN7X/UZ9smKs7BcYAu3FYt4/z3Jw0hUnKa3vRwHJv1pl9s9RaAnZPVjn8Bmaf/H/lGb4pffJKnAasy8w6vD1LgUrPWFbS6n9qHRGlCrznuUl6k/aEjYJEbNCQ0tIyacMlzwRLN9nM23jB2PA0xyVYdH9Tc7Yn4vZ53kA4dVJ96WqV8Ww6loQS8v/rGyr+mLYT4m5OYXGhDh7RSh4LKD5LA8UBAUJ9l5y3hlmAh2TkDKlWs0pJM79i/VlkuuUN4VxiEVYaBf7U+QEtTcJ/19YjN6/BGmRyyvkad5xcRx6KUr9VOYrSkBiebIY2YSJq37vGhtQd06fcX7dhbS+rtntXGgpqlgdUuApJsxTEumrzecZjdHzugCTkJRQ0o1N79DldHtKy0pY+gJ4m0goT1/NoLA3B4evw7hNDeEPavSJseaqXYRdwY4lSFGaPfnvF4ezOwvJkzNNrSeMf9j1vyLhwM+07h8Dtm/38EditazpgBSAwUV02cTckbDe9IQa+PzPnJXJ3h9GpgT8ZfmaZL3+6CW6ePEZIR3cF1x9EmitfhCH6Mpb0L+0l+tWi49MpduqWTaC+KIroRZqLwvQbZ/gAOm1BZMH5reiM/w0XTio05w3uG/pRITpNhhNpHig73o0GNf8HvfiaTxxBL25EjYmxiThSR412cuDxZXWS/N398J0xs28fnol/Of5IObg/5i0S58h0h+Qocqq6r8l7hVJWt8+9nYvzPSFz1mP5l4kUZCPUwXU2lKSbv4NuVicDTgvRp+2oNIMBq5Gesq4wmeyG68ss9FTEl/0GEb9MH740tU0znoIB0foRpDk7q+05/7xM4fmfuhlJBURX0NOZATaU/A2YAhaev2CngNznfMBJ6eDoL++55uzh2GQrOO/8eF3K9LI1LK5/gySh3hhmxjY/4s6EO4PjysV+lsuojoZ2rSyShxyMWXc69yPec7XCdVEfOFOPW/s17thFr0ffoFxSRxQmaoQAQFsWkr2oHLdmEU29OWbXlueNe1Y4HKMUBSOUqg8snGBsBW/oLSgsUQFwBIDndHVQLYwA/y903fCyzP4bctsbaP5mjONBV/0ZraPrYSukLM9Nogcp7Ku/Uk6KIqnYnapfW+8UDlRhOj6mafMnWLIr1psCwZGlZILDi56/3EQWY2T2pIMdobsIwXcvLTZUY4zrCkR1emsCnFuHZDYBiR5ufD2YVLra03mifM6ShnZs7CwDjgTzeF3uDZqmk8tBE7sx3UHENwBUhSrvP0X7HideMx0d+H4b7HDwvowJhgheV+EI7Ntk6+GMshEbKjP83a7l1JsRx/Ocnd7wLmPRc175+atzDKlM2O3b+NPKjOpUaUWy1OYsP85+b4PdGSIxUFiAFQSKNiPs7ZnScfNC/GEBUlmIJk6+HEuoTW817B6jmlVF8mjJr1evgD19H9r1HMQGOM7sTMhfOxCxMIIswUPVWIT41mkyiFnJfRGB8ZhkLVIE0TnOxEgH3CU/v3R7gz7jJE83nFYv+o1Pz5WEqOumijCdB01dUQzSfrS4bdzaYFDb3v3EJyiyKnOkr8Io4idFcUKIonCUguKMpfTifBwXVT5VZCJ/pfpKtx0CBj1jQdEFVKU8pPFngdZmh+6RTQ+rBYMKD70CvX3GRG+Mn2l3ldQbgkvRxXV4cPQb/KWO15vXmwKBZIuI6wosfraCAsgZZ900a6jfP3U+Rt/FMW6N/0TOPuAWByGCjFmNzERpyLIVeo5++46Mx+8iw9wFW7GkL8LSpW+FO092ldoJ4SRcCb8BPRsRbOCycWhZkuCy7OYDob7ntGDzsJTvK7MzjG3/sfkwZG3xKf8N7C2qtQzjNDXjZ43rBpJ2SYk5k9N91w3z/mXX7RRW39qUtxb+nB7/GoG8q1od72awQ9E9C33ymN1njHwXOYWzrkON8Y7cyx1EmiezmHjSkyQu59JORBGA+zdi5B1/VHgWFlyGu73Br6/tbd55gCpxay7/luOxjKg8RKKzGMtj/h6+pYBjOvsNxIJytFUbK4aCp75nGH+spFUamQN1N9W2s9+ThAEWgT7acxEk+Pinr3qv3qP5Ovaq0q/qWlGCahbeuptLZ63nEdjs1VkpwpX9Ljpm97acfKj09JTW9+WVXVrc7H0Jrf9BplvuqpmJVjAs7+/tR+t8A9kJ7RkbOxetv+Nya+ub9k+U2eCqNmGrRQmv1bHanujMYZEkXsj5b/ebjShRTM8SwRgtSSZzYXCjVGL2VKaLSy4312mxeSzgIsc0Bnzqp5bDPYcRCzt8s4VfoDyB++VRd33xGYMGhCtmSbUGHSdtg3d+vqaXmH/+Gp2l74otr/zKs1BvLHKUru+qViOowCEwrxmO4tnB5mVPV7Y6vkb2dveBeitusRiV2lm0nISEQ8XmyceqyM5N/fU1FC/B3Ewu+dcbCMdIn3V2U+vqAkZL8knLNFVHNGVT2Ha3nTeHNL5eE20Bm2qi8OKsD+HDQBCppPrKY/4DpWidCnjgsIVFP64azI96hXbsdjdNDXxYyX6ibSt38NzSNUsZj7LEOR2/q3evTbdfrqdd3TV3WAX5FYoJDn08rKsXSi+sF0DBspuj9qTWmKBVMMk4Gyhza1NdeA+ZWl3Lc9prDPNUL9MpX0Nwxc9VQ3hxmkt/yyjWbvMrF+FtvL6w38P6NR9fPwJyWOSM5v6GtcngN6zQ8jEPf9Mh0d9oFVslDgfeqtuz9xBosR2jR3ZpteqbVe45pX4QlUjKXspbTWN6qJ6vYLQ1+drxK5xCkDbl0S/yuASuICRJU5XmvKH3s7o+XQKjHhllqLDScML8rlEp5TJNz/NP9XsXlru6pDUfSDXICJh+IVIieBEcnQkSwwYLIBf/3j9hpDxVrae85CT0fo71xe6NbizYGsh0Ioru25Z5AstSQRgIjE89X7h2RZJiaZ8MNEnceWSvLtiwtrxXAgZx55CPIjcm1inpPDg0pDtrsEHVBp10oU/Ye+uAm689mScvzquoXHwseyWBjgsoPGw2kEN8/WFr9+RtMJAWFNpyG1mpFRsZTVairFedCBbjmKXiHdDQt78FYOlP4+FldkygmqQu8HY5PReMfUV1aa22Nqkj6XqNHgSl99+V4QTkluXS0tOm04TjtgO6ZVrvHelNUK4XZIuLqEcJJr6d7WYPi4O4HiFrwNjwQqGZ5hsjMJR/TWETsCcm6GRLV/U30xVaSGu/4lJv0otChLXZBHQWtmuBnD5P70z7HkH2YQdpf21L/cZ6uW0oF/DoyWn0Ptr4nlG4QDosdpKMigs49UQsPHe0GRuOcWpWfhb5D5xd7JhvTR5kww46mD7B7xWM9yQU13i+PK3hTqJiySZ1z3Wos3c7Bw+3ov7G2Q+5Mgy1qkQHIYHqXEqvL08F9T9R7J2qamVZJCNuvcDnOw3G32LU+Yy2HeYK1tgEab4HRVxgN/YU6lKSNDCa1eOptxpYUW2ZfpzxASpOzgtN4fwjQr2bSyY/+h16iM5JtHDXIWrQlQcVn18hJigxO/ef8MJLbjv+RQJ2T/AsnkyS3n0qae2QpvdS94goO04NOa16j4UVdoI49A2EpVZxmqa7sw+vk3zFNE6dUG7bvD8HnZF3IZjz8tS8VC0FCo3pVsXlZzXTMnIzO09dip73WhL8mp4L06xKFjw7q+z+PTSfHVuwdx3wOy0VUndWbMhU8qNFLnSTsNWZ1K1781LNYGTNfrGpXyuFt3vma71FztiOq+rqm30oyg0SjGigdWqye3NOp7zMfbaFYX1mxbouxjc3RcjRisV3XYEX9bAYz+oiZYzblH8uszFbfohHOK24PcsI5W+U03ohBkuG+Trsb/nvDnOGQTHf1RpJH+0N8PqbGliv38Ncc0Z5ISWUzvO33NzTMl6LUcTfS0fiU3iKqF/vdHf//mrBk8qlk8b6q0adUVDoj5rBk/dm+3Hp2+7MUmsQXDWTFKzhNH/avjgKcY7zJ9ADPHo+NyhO6w3NWp+xSD4DP2VgznrA9qqpdPEX/DHZfRd/+Fq16XLUdsq6fsLjzILM3HwVzbC26QcPTbnclnKBMc7E789+KsSYLf2izy3dM/aw/RbZeMnYy9uk8peFpdoJmuREt008drYHJDxsbZR/Td+yP0iCIp0ar5G/MKj5+2/ZiYT1F3CaYfxeNAf4d+YsC2VgJ6M5ai+mCclbnhL2jWjehIRLoioGqHIDXpQvw9yopb0WpvhrsNIhBUk0fXoQ8PH8asJrK3Xkk7ny/hcF8znN6Gue9hwoMmxEYUgciG7OeqOLoVwDk0gOpk0sPSYSZleP5SAhwwXyjvfaNLtghKtexFKJdlCIxlaGiHSmhP9L0kagfQrcE/EoVKoiYmSj3Tt0IocAAehBEXJnxX76QQMfAiGWRNZTInKARRbRUr+tLKzdRfwmePblP00kSA4hApHgDA3f/7739B3ZzF5EkAAA==')
INSERT [dbo].[tbl_Borrower] ([BORROWER_ID], [FIRST_NAME], [MIDDLE_NAME], [LAST_NAME], [DOB], [AGE], [CONTACT_NO], [ADDRESS], [ADDED_DATE], [ADDED_BY], [MODIFIED_DATE], [MODIFIED_BY], [STATUS], [PROFILE_PIC]) VALUES (N'BWR-00002', N'ROLIMER ', N'E', N'PONO', N'1988-04-18', 32, N'09773317613', N'ANTIPOLO', N'2020-04-18', N'admin', N'', N'', N'ACTIVE', N'SFcAAB+LCAAAAAAABABUm8eSpECyRT+oFmi1RGtItNihEq0hEV8/0e/ZLKbK2ihOp10gMtz93q5sFx5kWxia9eJ39lOw//0yL5ZNa5YdHZZ9wTl0sRs4bIBvgG+Ab4Bv0MWFLMuFJjimNReODhe+4By6ePByHujwQIcHOjzQ4YEOvwK+Ar4CvgK+Ar5ClwB0BKAjAB0B6AhARwA6AgQ4BDgEOAQ4BDgEvSbAJmuCY9qZ7Oib7AvOAd8A3wDfAN8A3wDfoNcKWcEKTXBMOyscfSt8wTn02kDHBjo20LGBjg10bKBjr4CvgK+Ar4CvgK/Q+wE6H6DzATofoPMBOh+g84EAhwCHAIcAhwCHIDRhWTlhTXBMx4Qdo4R9wTngG+Ab4BvgG+Ab4BuEpiErp6EJjumYhmOUhi84h9AM6GRAJwM6GdDJgE4GdLIV8BXwFfAV8BXwFUJzoJMDnRzo5EAnBzo50MkhwCHAIcAhwCHAIYjoWVbrWRMc06Vnx7RnX3AO+Ab4BvgG+Ab4BvgGEUPIakNogmO6DOGYDuELziFiBDoj0BmBzgh0RqAzAp1xBXwFfAV8BXwFfIWICehMQGcCOhPQmYDOBHQmCHAIcAhwCHAIcAiir//bnCY4pvvFjsXFvuAc8A3wDfAN8A3wDfANou+QNe/QBMd0v8OxuMMXnEP0A3QeoPMAnQfoPEDnATrPCvgK+Ar4CvgK+ArRL9B5gc4LdF6g8wKdF+i8EOAQ4BDgEOBgC74QuFGW/dCsCY7pj2bHL82+4BzwDfAN8A3wDfAN8A2CmJD9MKEJjumPCccvE77gHIL+gM4f0PkDOn9A5w/o/AGdvxXwFfAV8BXwFfAVXBjoQEAHAjoQ0IGADgR0IAhwCHAIcAjwf1sWAnX9v1+8QnCsCK55scb/g43V/72og1gpFmtD5N2aTVgpSQJWrufCVlgX51uhvedCF7jrb7Zl1mn27KPXtzNIrbuYPaiZRA9F0bl3njdDkpyE8Up71DZ97bTM8V1gR9ATWRaszZlFW/fEgG9liU2Sx+Jlc8+jhdUHW5KR8rqlHuH2IoxHW1fCE9GLWtBSyXa5g9XD1c5T2r7FyV/CJ2bPWIat7VYle2M5HmWK4VVDfosKJPs4O5Iw3lsS6OryPwRHVJa73crden6mdyGBbUE6Ty+beYd7Ct4tj4uwZGmUAvvDdtEyoHyYFfpmLfES6oaQSKt/wo5u6rLAWl28N/e66388YncIV+dbUdm1bsp5txOEGUERatsQTtw19RJ7xnE2HdLSpxlwT8PyzSWxDLJg3Z0q4t5FuREbkeVo6WTdJ54Chc4sNwjDHDTdY7D9MMTQUL0CJ0iSm04tqeTGSoqnaRoav4vSZx5u6RY2MRTBu9GaVR0LvFGJYmIm5XM1ydXeh+eFHByWpXs/UtgnKifwSVuU7sZIoDoDVkL7oGM4n43L5YscLlPYcS8iU9O2SSeAb2fUraT4hDHcfwK9DKOsJrPwz7YsenXmu4bxn9CERSotnMe5uohI8o/zC8/JkYHQuPIXTCvSI/6+ll7k1DGBhO2nkpZwiKymdmthioxCFc0kxlONIOo7KdzOLd2Uk44tmMAizFdT/2gSx+/8K0+VNCpBpZfCWuTyNO4fLS2KQD8QRAtLlTZgSQ6WPQqy+fdryHLsQmEcwqhp0KNfpLeEyREhZnyJJ4z2+SzJxjYio9YiTiUlk7t52jrYphDzZMm6dTbIVY2h3MUpwgGyltWacXYIlGiN4bza94BIT861Y2VZcaJ4Kvm8ZZ1DvXOFiXZTsNnh79YBy1i2lJ5Z21+mF03XvM0yVnkfWkQj/KV4tGiK+BxZ+HziqpZvM/TRdATt87tEeX1n2V9nEcVk6PRStpW43z+Dbw/E0nRr3NFQz6v6t3W+MXo/PVdoitSL5IdiZ9UXhq3YXa6n04yo3fQm2zfolkWypNToJij8w1zf6xctqtu3bRBEaETDyQMMT5apZ+sginrXdpeY/xlnQcw5id+Y3knEqPhZXNFHkcBoBco7HdvEdGTi8L0wrEoMGWM3d/YvNnXdgSTm7rEOHZfmTMqyaXbvT7UwjZxWOTrWLzsjdAO1ijzNtkHuCErg44J3SfJ++0/W8Wkw6awdZ3CxCF3IPyc2owSXHnJ2fJeiwGhpOPlWmpZh1ZPu88L0QztGYmt8mG9Y5KVI1eqfzc/CNhhUdZzXh7jEnS4Y+QzXal5f1Nhg667/PKcmAllzMpnqT8JIW8Qp0H3MxjG4dDocbGTWFQX/0xzb0xzivuhfw8hOaFDiTCrT3XuKDmFs3QbXnNyd8JjOpe2yaopdW8+/ZHa8zhNubdZlte9rQZ7qZDxrhwvqS5EWtTaz910ls9SgNRma1rlf3ywCzP1On7HJYFkjyz38lSwYya1fspHXfyyb0bDy5Vlu0UTRTP+QVv4sLieIt3rNq5eITg9zvOYi6SMmJz63TjE6/fBddbcdf7VQUeJgpeIjbEXkIEammLloBbq/pbxcor2mC75q9tRrjVrgck+fkCw39N4f41hFAhxPnx2VWeRhxazwgrqn7AWmKwrqr2oEbJ5xvE133uneFtxD7PqCJrLE3fdnMVSqJKbI7o3mojbe+ttvX+C8hHCnXa/POD6n1uvR9nf30F9KdOyH60wu0lhv0b+4EQV/ydOnSicmXIPKzwwNXgB9ozl0ZDpghcIHy0ehQcLMEWdr3eKLWmERXiqdNCEnnq1e2zqarrcJM3TW7pOQi2dCV5X+1ETRSXR7/I+tgs0gB8yP3XenTDfUtcdaExWxP4iYaYLGHpCzkJWnPmVNfkP7qa7pyCZN9g0+UDppSDl1EkNNr382N7j3pHHt/cRWRBMbmIAFbE2b5ZvX7Pv48yrruPCPcba0qeW7e8AdfpN7YvkcnsyN8zRBwem5WA6XjyYIT/hxWzrHYXzMshrnZ84Vk2dRP9J7JA5mU3Oori/hgAz7LgoGDbQD9YJr2UMrw1MwCLFtNUtboyN9z6PoYtCrpo8iyzSz43IoJJqYd4qT1tV5F+M8Ga8mj3AT3cpOfh0OXnMadWyDZ2iCW8TLQvdsvw+cfT6yfJiuXgtlg/cCr6ZupeH3Vs4m0V8VsXK61EeirNTQO9NFmlo/7nKlhjmfeoM/8ezcySqpbVxjki4/e1rovA7fqeaRHwEJKpj11/5EmmtW+IBXyb0YDf/Dtr/U2regcXV80AahRek0Przf14Vba8VnUaDTJvhj7eU8XaVAU6qHVFzSrO2XlBpfzrarXIH/ptYCWs9534PhPpMAx5tZGxzsxNJsUc6y2bTBJpPNjc0TlGOxmItVwW7rKVXiXh5E7G+TSE3Rz5DMEuG+leSQI2RkWRQeDSf3KEHbuPmieyb1mNrXmyvDudY5oJZQUDgpwcRe7M/xzjQhcm67sK83eMahCNZvxVCd11Syt98i0dbidS4zJXiX6owM9U7mOIYK0cH7i9PnIijvL3JCPzS+BimaWzVr/YUTWT0co6f+fEE2OxfvSezwI/UX6bem4cR7h9e4eqmLFWO4DX7wdB2i8RnXNO/EwFEVpGnisXX3uEtifGxC0ilfIyZ6bWfimF4LNEeP0igin7ur2qoWm7vkTXpi0v9Cl4eyFaECuxPNPhZa8Lda6mbYaWBnlzF68EXEqtfXaIXFrd95QTXZhk5O9vd3pwxZ4Q9XnQ/iCLZsv6FDKOeUPjB1yoxlMmpS8pFqbtHNpEJS/oktak9yrlERrnWyfQdjYjUDGJ7usmXdOkmb6k1rE2EkjDW1kiYJli/+uyZrH31K3BRIE0shdbY3vb8ZHU0/cqxTkVzncL4YGR6/rbqm6uNrBjv39Rt4qpUqot/MfzDy69OgJA3OBk+HbXrsT0vqwx7V4C6trpq4vZ3gvmw0SFicFA+BFHgz3WA+pxNHTUeobJf8PEdpzy8T4ApFHZnwdQ4NKf54S8joYNTPbyFSmL1e38gb2g7in593uxan6MMNRoyj8H6hs/NOfep8gsfQUVmiE6JbkPNSR3j3wSB51irGqviAsP38o3ynmMrmvMSXU8bw+arQWyqk00USQfz7DtljmhBMY2hUN/G1KOMh+kW4eyvvRIUaBjlOR9W1u3Kyw9EpBYE7YP6wKF7VTKQtSarFwdPqRilfIks8iEjAIYKuursMY53kYq/J3IXJNPLvekJE9QeyaFOBjtVxB0sL4wKruWgexJJFiJ5RsClKwK44wJjgIFp396iJi+10JGKUYpKL49LABFxOS+3k3MzfFSz1FTOEGSqlE8OEE2S96A8RB6s0sHldDZ8egzbv7DO42BVPX6dzGVMzEXiuxGZogyt2WSdhiX15lZ34XZU0l30Ul4XIXaw3N9HiRhAxEA8dXpP8D6+mpSjGHZFcf2iQtqSE3nZ5/1Dxr8u0YBk8VkAlp2LEpplVf2qKJmxFOZfDaKhccVR4JTm5Qy0iYIXLrE4aL2DKyFNclao5hFAjscOdu0hM0KVSx0t0XjXE/eU8tv0kFwcnmd1JU22r22I33EWq6Rcy46jT3DDVfCGWzDtuNPfTcknKaoFQIrGcHuoZYifXSq7rtsTjIqPFqyXoxT0H7KAqJiEuxl9KzCNSpMQlWMAzrT9G9Ns3IDRSXD9VAmTUTOZEDBvCGydLMtdCLLBLdfdLacwtsg85Td9TklJKi9JcKyydpY/q5Pk0glCo3ktLulepGG2ZoZUVXfCj265mW4W4FXEf7g5cra03DmyKqI1Fn6WQKe2hwA+/Yri0aPmafCAol10xvOPySjQWdT+dStTKo6s2qkD39feiA+43PDG93gk1BooTN9lQRvqXxpROSz4X1MbqZ1T+fC+jCcG8vryZxYrOz9cXTpN0p8byb8Ndw3nE53FHnmxAjgLeqFiCcQ/7wYSbwn2zXzm7hdXlCN9a3l8SPBjXDq6nh5onZeYtd9/Le3U3ZW9NBsvYw/mjsn0bqPYjyQ0r0J6jk+EQ96cW9Z3IvzQiXoIkznIzqufyccUYBEPHjviL89Pa8daXi6raNYOZT+hEU31Zbdu7kgdNiwKPlf5iZZRuVv9Csms1eH/OcMSbYqtMScv7OHINoou5s4uGotsdqKzhlTTXvLxOg3fUphbdzVKznGOul9bRUVzIcp3Wl1ZzUVM8zoiu99AFfXQn0vJjmbu0RZccZNe0VC6znSeQQUmxZ7pMwPYfousTSEPPdZosf21ywcAhuLj6cVVI6OWVTT2aG5daMF0rZ1mrmdnAS9lElevM0DOeOBbghJeh3TVVPjXLCdrIDB8kLzys5t05b2v2xlmuqh0Th11UET0/+xPSyXqeUruZEgS+qxZEKuuVjsHKWhq29ADuoOZ3qpquRs3YQSKLP3T9d+02xUlT56dHB+M7HEi/x5+DLLCRHsRTlRZygYi64h5W6J616piZfSj3u/xkP92KVjLlqkmlXwfeuGdPVJYL5Ovkdf/PG0+i9JK//q8zew9tzc5s5RD6iybIHpOuGMxyX3zr0HY/9cqpLWqE7AvJmIOm1a3gnoXwnFl87lmL4PdHmqsTF0P9o/pcX3uaPkd8UbfLLda9ko2syape5GId5YpfvJScdu23et1UXEvad+BKvwoDdyzy13F2SI/FroQ4VG+Jv37aoz6iMXmfVZHlbn4xD5Z993XneTbn/WT2wojlJLX/gj91orrVFqTCJJ9t2mQC4XopF2YuWyZlv/Y+JDqVJTWjb4skG8if0Z76ud0OSz2E29M2Tfz9WG8XvxCwqyG8scAVC3q9CXW9CxC103Cm1dkVsxenC7mf0QIv0vVc0JdkstfNOwK7bCdewV2/9FTsarAwC0Qn/gXN4PPOAp/A2kzRhOip2CbU8sTxjNyjOYH8wif8JmTCXP91aiVqa4Hqm2brrLStO/bkmkjJSnBF6mfw5n7edq9oP+SZKAKNHYMIbzUWfEGyWYRz/fjEmHe7Himg9GBI/MpWUAgfXmytqREX0Xy/w0dheD2ZuWlI9dVp/j3fxrLdxgoIBZqAsaaQoaKr2+Vw5N/QK3Lf9qOnjaRPt6OsGBfTqZcIyu7scWOM3oJpmQhr68ysQoPea/gekwmqqeg+dytVgSsr0Mz9sHsEHqERU9yNFzqfVdoAOcKgLH07H5naFZxlb4t7fBxWiGxr9cUzdjjctRoN/Yyo1XG7oeEaGVzP+6czGkInWSRlclUvvEMceiZC4GBT+acR9yQitvEaZO1Kb5VEYvMZbjMLk2jX4mejLpQy1d7UH/JlmX4pBtZzVdNzPDa+lBnvqx5GUxbh//50nXFUtRiFIYe1P9PzTPrpgBWfD8i6IBJWQMb0bZXJw4/jmh5BYhC8xtnuIsPsRntFG/dJazRPJzjO8uBn9Vveyn55Os2TWRcJn/tJC6oIIf1iG7BTrGBnu56LsqlJaV1DVBMy3vOs27BhRxoYBr4WyaTWBRYCT/uCJniGmtjpLK80VyCwMhKXYljfZqS/D/TRfjx37ixt/PhDPq+IeXpuU9tGEV8jUbER7bNKUYtbZoXPd42vmsP7xM1yMYzWKbLVdcCcpVWcsNTOpzYRzzEj2is+9uxBZU84x+1sf+1hricrc3plBvwS4utOiyc1cw+Esa8s/LjbpsVIMMfK+qurK1QHGNKE7qfHF80zp69337+yhP+GC2t9FXMdDT8WyzUbq/dYE+qe8yLZT/AW3UMPPmZYWo6sxkWzj0sPvDdqrBnJA3mcr5P9rCR9LZ18ecbck8+pZpsmOwyzO1umTn9x0qCOyCYzq1mkyo+K29LhrX2RTo2Mod2+fxLvqWkRfFTeInq/r/vWtEBZ2Feh11PaVEEJt4H+t8yd5hWaKgpSzKdLwmT36NHXaO7PYFrP4Fnsh861+JeK6JK0P07bHShVL6F2RLRn5yRt+flobDsIfryZLHvAeyU6KZ+ppYcrAWNZEIXDA5sE3p40mAXGUyETNmrRTulGntQWdlJjddMSifydZUcWLntawnfPYiq8F1DuWfZFtgQ3eZpmFL/WDItT9RD6UZi1oAYF6KEMgp3xbBHBQwW08Idc6PiQN1lJOi7PrtZehSFKwWwccXJQKSlya+VxuwEJrw9RrPyhWeUyns5mMWlh4K7Ba8siayFIClrb1FGzbBhcv52gX8llOxsdnGO5jFn/fcvVRswD/qX3FJjnBJUkYrD9JM0dPDkvfwk63Vvl75ccba89RF2DFUpGpPcmLtVDzmOiZ7xMdbYuVTmmPDbzoQoEPki4bxxnaw4WE0uwZWiMtNEgCg1gbFeKOWJMwSjaQ8lc3FbbWUp1py2YBysgDWYphUxOdLIoW78GSS2vb9GW6LWZlmjsTAXy0WU99WtdOG4LFpRDDfwuhtvUXRByDnoMGjHCyY59e9ciP4JI5hlOwJN3OGc+VY1Jj8Yy0DII5MDm2k80JqbaMkLB5JxU479OQJyF/KPfQ/AYUYVq9qFZjt/O4rPtMETiejb73958P1Q9JyaE9dAF7fMgiLDOi7KwOJvzbUQEFKXCDIu4+COwJLfiTeqf9oTDRIaBMtqfDv4wIzJ6AiJ78GcqPzj1eUnIYSndhSnZ/VDJy2BFAt22Qn9lJJ2jRanfivyU31BMO6UQVLGBPWwS44dqoQGtuW3BXPRi+GWd9M9vt3lYyyLq8zsb9bt0q7Jq6bgEx2/+TOjfxfIttYU6Nn3BtRznXHi5f2mFsuN6eRN1+SKGWs2inNGnrh+/dwDhhtt8TBx8gmNfcdZPfq2taGWt4OxzRx1byjS0hLgeofjw5oqj+GSL/PLBKNehqIn4UQnRUbIdCHKCXgP1SM1KK5uoyHH9KJFai9mYX4sIQS9GRzhZLClZvIvt4xOZDw8tpgRtgVGsvuzlaEXJXAGxzkMp/DrwoL7hY382TjKvZ/5Iyqno0StYob7uYfo5ZNjXTKq3c2jss/FY6O19i+Z17gHMbrv5VFI5a3EO0jnt4FRiQRUSsTW+svznXz9wxUY0ngrWfWqwIR5sfcuEK9c+6c0ibp+hE/fzJ1V8TIucIf4o60c90+G2HmkRiTR+rEF8uZruuV8G/MH6pWX2Einbs730lemZU54J902nc1xhH3njzxW73uYMgQuuzgwF6ONHIA6uBc6SFzXXEGGQH/axfpC0Q0HheueHcDXzC2JA/sBe5g0IpczpyTOj7nALa6faC8EEZPBhg9sbssiNWY/kB5v9QeqjkLzl26+cT7NVw+dmO10VH7YDK5DDdtX/oor+HZyyOSzt8IrDFkJR+Wzhc83V1HKys+psq/9+2SizrFePnNLdyRWEmN+fiti6wFN4e6bWlS3LWtrecwP8ROb5gtQkR1ckg2UIAtcc8sOxni0PzcElWTfLQW7Oy9Jcpxvo/bhqmrMma4vjpb9IzZGXu+GIdW6qndtoLEqp0cfo3PrJzaVuH2t45sBQiuYCM5+rr0JSKh//g6oaVx2V8NMCBzfWqftq6DNrCjK45zMQAq/PWP6pE3pkMfZPtE02unv81hq5v9JxJlqwqZJSbpwV3DMLoUqi1EtINoMcTWgHCol+VbTUZz/rDDHKuC6L9lB9JsfnmOsojo+8+D+M+uWHzQk1bu/xHAjC59o6kd06VrbNwTr8Ur1SFfUc+WWme2w8y9y8BUFb2bMtL1IzU2jkczJWtbJob8U3ySXFKy+lr/VZgXkFMX43we5bHu/XNdYCpkjdIeoiQMzSrg8aELJ223OGos/+u0w2F67vmw++yuE5vNMg+XBP9wiko2v7vBfX87e2b9+1hprBly+bi8MavsixludlnFpEP8f+9+9s7F9jrphn+CBgPoesjv2alJFn06NYRGRbmBdmGmAa/LysUU851EB50enfcdkbDVJKfTUOBl+hnJyz6/p4jllWbdbmF4xqlv7reP4hBV1N6ppdUp+WHxOxpLoTBeC0JKmx0/1P0de5ub3ACFR4IkxRhB9RDpLE19223Y1KaVRd13kQyAbeDMH456k/T9u3udT/0L+dkotg09miLAI3EDgMkoJ/N2kWGeQ9qiiSe6vrmnXMsYkXziDKw8Sx1xOsXPrGXidViDNFMpWw63DoI/PyXv/IctwmSaqmWmMVfIkjr7Mc0S6uczRvz5pceBMLRhRg+WRIoDmDjvvHuHw2B6YI4lVrXkyCtLlt4rv9m3+jaAjV3b1cyWZBfqrCo3kgEI+jOUZZq9ePlkRIuErl960GvX7N5k/mwRhKk3XT8XOc7zl7W9JP8nxaY9d1ka6WOZm75r8rEWlhoQjjZWtkb2RMYhFgS48xmv2kTmD4LlR73BDrlQwj3ucNEWp6hytZ9kJ4cWvIflDyl8X6r/uWk/cM1HfhNzxLtM3e1+52Cd4f+xli/o7tQJ/AX1ij9oPw90MyA+2sjg+E2+gaxo6McbxLEw7J8gatCcGwT0JSuasZCwGTOQ1rSv932dzq7P2CQ0v0N/6GfVD1ZqbnparnGffI+nto5q708Yp8Q3eVN1qSHUy+PxEMkqUJ+rUp73/MUz10Ic416P13NxorLLwS413v/bDB93JG2zxZ/bJweunaiOWbgHU05ye0wZKHdAajFwrazPXJCi+vR93mu5fVhcHjPlXBtHk+c7WpotKLMIaMjD0Dc6LFs0qQG8YVuLyKrU7PSVtRrOZ5qmmH+9vE3Zpg1Bfe9vpiJj4d17EHa1JljlfeZqs9hN/8oyM40e0VMJJ3J+ifv8ZPcN5m05Fj03a3tCveo2imrtWbgRX7+6H7u9Gky0HCLnwp8BDAtnmFJ31d9u6YMxe5nNwrnm34rCC1pdiyTgrAeI2jigjtxYb1aNJt14KbVtTc7p0qt315h2/hujEFs1684dNVyya65Wcm/YU6Byijza+w19JjXF+Hx1qeTCsc8cJfLs5mAt+t0bKlgE+tuZTjtDVm8zg/rQwIJdgvO0m9o3aIv3drHNRPFzD+wEVGMgm3RdL4mghB4k/9plMf1Y1XNri5DVYtYXBGC7jte4Eg12S5v6MR0EDebEZ9CFHTe4JCGB1vmU9f/nEvcfElqvGqy1heRU1RlpuGO8NLM7svpMD6MtPY7XOFfj1qP4eaxsh6wO2/UBP4W3WIoUkIOBaZGQfFBwFX6EN48H4xUg75llx45WK9cbrUUOeqcGmlOAposSa+vNvhz9eGtDWrToeWo0pzBom0K7j1FaP+VGB3z3E2pNImq57FBUtANDc3iapViG0YpTqudlw04tNLytrKqXmKsG05oz/DP20M51/q09dbKjluqHay1OGJgMmKCSRahy9Y3VnN1ug67YMZCMhUHwvswWqmX9JTvpHXw3NJXVqP9G22JwqfewYPP5pv9GTsnTRjQcwv+rFfxA++v+CiOZJAhuVMjqLaPAxYS+VTWMbcB0uZ/u3VvEgfydQHUchAZiaGMGDuRpxSjmiX9RtobT/73igNvBb7D7Fy3k/LYOhH+OsfObBwXaNrwgZULPOR4FRcpyFY/usC7CcdZstqyoc/7a0OQHZ6qXzlsjBrB51BzZBYKSmd4cZ0Z++S9T8nDJLmF9y7VxUhv+3ykmBaJHbt6EQRsUVSVnMzW39Tf/5sYQ5zDFmUM5Xz31yw88wL2j6olyBTbUpsecPV3RxG+3b5hah28xWTT7vAMvc4PaL/2/WSwd34lv9KzmXAG0j0tTkTd+q5ua8af+YT1rDVJHMX0QX8eSuEIh+b+a3IkU1xRWgmA60oLoaKhVoZO/+9N/wMdvXAaQCfbYpUPWEFsztsP5pwlyGzaTx69/GHYveSwQknY6q6cf8+qyZI7WYNNy6s/jt9USuU3lz8NvgmfH6Z+lgQ+X6K9mxA5HLc8stZ1rsu+INa95z8ciT3CjCCnNbxpRo4WWb7ypsWHIzsGo4n6aPlizJv3ZTDxh8ROQnmjD4HGd+dE/lZWX2rD81s8re27wn93stRa0qjz78Zv4fvF8V+Awx/Re547mxm0cl/7XEHRQ4jzULZH3nkMGsyyhTPLz1cYn8OvSr1WJauepF9POZez2RbkJupFVtZjvCv/IQgclwkJ4LEcjJpYsz1ukhztmW6PZtG2ZVEzq6+2UtNIdalWtnMgqinDh9uHpY78KvPzglQZMtGHS384Ji3qnrdVITDI53WRzMw6YwxziP+6O9JshS71P2fqNWr4FrBkOIb59A4kgk6idJEZFv+Z45+y3PiztApmG32XPb4c1WQuo8HQx9a5kJ1ahGjrb2rtUS2vXtQSD+fxTsaEB1T5rEScl3snYel/end0oQyw71LIQgCXZehwdePBztHb/lz6PhSR8DUWH5s2HeWtlpBaCxwgul1MJTZ4lZ2yuTPyEly0YCV9DIktxknWIXfhCdUGN5RsAzsQ1A/mDlue2mDP8b2ouM07DDjVlAC0uLvCUnoW4L1X211CbXGwTzdWRBY9ZUgoDBAt9A1pwBm+pJk2s+p27f2zizE8I6JBf4KSO2Ty+8HPaOy+CBDNHyQeiaftiYfuzM1zieqbr930brmrPWswieZun+6bqgs3CkVTqxktrXO6c+kNlsL0kzijweWgvod1rVOXbdeam87n/mcp3lzIWH6W3IlH1UzCEjTNtzjkbVtLxyJHuZ9+RkipFIf2TPapef1WHgGC3cXsuAlLG/Mg6mdlPXUUmaPYVp/WJ2ydN6tFurxGON1DJWCxug4ipsfyd+i5rLbPqWuWpIh0Yu+7wm4TrPup6MJPhjxzTN3W1jfHy1v8891Zsg1fEFvy0JXAMNo3EKH72ltLn7Noocc73etaEVqW16aRZe+NEHepunXRf/q4QMZj2mVeysNTqHl8jZ3rVdPvi7H8+1rrKiSjOZZ/fxLVnwKW3xx57ZczwtDbf/Q4eRhaJdwnKu/WlYe+EfRkjRy5ZlQncs29ZwqkrnGN92ozuRG/pKXKdgWipo8PIMwX9dmALFU79u0ItTuvPBakowk4lfppHTVtetjKFVY34M8+GsFhex4BmSCJtGg7c/l91PtDZj0ymKeZBqHyrOFxram61KgkN3oxyxF0Juzw1ZQU56jp4Gn3PZ25L+5KV5tqU9cwZIZTy7WJWt+wMTakmtuATasi2sDLSL1/Il6ATMG96u912K1NBYzu2eERwfXzm2t+9iObbbuNwR2LVh5JYK9F/K+MgXWeOAQO+ojx9iM3aZZGYY/NtLxLdOdbD7iitx+xIDmdNnkWPnr1IKMg06ptWIDcmVjixKjmgxxtrFOnGDZTm3LRabxH51E9lPcxiQpecUX+YQx5WTY+e4v6ddSdBUv0uO/oz8+8eiBB5a7bJwd0PkxSv5Igq4Ns2M+qmCkkiV/k1Y06Vq5XFNuEjnDVCfD8HPbEmC7I9BsuLO404ex5Mv3ZhudKzvbDN4zGVaJk8lMgtoXsT5O7jOXLXbvGRsiQHrh/szPw4w+CbdlRY0czFzY2JwFHNu9la/WZLWOUIqKl/BcldeiEfCJp7bZz3++5WHw8SqJM+joViXSbrLWEGmm7y655ldbxlHEa1RRG2gSG2VSGxZb1jN2dZG5P0+Z9yvST/eedAnZdHWT82h080EOdKbMdWKBF6sGuHqQs9KE44mkkQh1jeSEu2unaXarOVazkc5lyDHzzXqcvS6XJyl23DTS3n/rIjtrYOKCJf6En8/NsNjO3t2ozchfQR62jUx51qfd5gkYvzZPP39M0Ad9O2KwO0L6vi4cvliJOL1KFvR53XhIyXHdIYRkwr0sW2O3wwmc2mx90LS7uwTv3MRDppcT6eNJz7dO+XasKKGtcB9p0NmbxntHM7JVyaGyCtbEYbt9WDw4ZGGsq4+D4jkmFYRksem+MfJU7YtdeyFojQLPYcUsicjsNfGxmYkAP0KTMhxXBiUosapFjGwRPpLD9mzZsOzHxp2Qf8EAH5MNpufx0MVWhriZJHttYZevF9BG36hYYxtM37Nu87DF4bD/PjNVBfAQyiQbIlipmShrkJ5KD2QqRid41tG1KC09bRBvg8ZzH9Tl39ayPlQZ8rrqHBHrCWE2NFjpVeBZJ1F4Uro/BCW1uVJddhLfMrm/69UzPzbD7VIGrZmPVR6eVHfpqi2oc1ndyS20clTS8j/LHYgkymFtc0VnXvvlBk5ODMi0Ox6fVPqZGdi6z0kVzTCNJZEylGSr5cGUOmBVM7Uw1QJVYv0yvYxMyQd1UWcDghhx1bP2jER71bc/NF7ufemuqJtNvjgjVWxZLO7BrvlWTTBESDrjcV75baKskV7wOgm6k2wyfrr7k+ssdqqF5yiwo/C5YKGaa/H0A3Hh46Q+o7h+UHC1QDEK7iOBOkqiOnNoWIyPNhzcxcP+am1rA51V0DCL4s/te7YpOlqemWG9D65stopb1tI34/kj0sX7G4enjVpuUYc1LYpo4Otob2sMKoWbr1UEWws26TDWD61ofdC+DiskaVPETStPeuebJld+f1Kot00yIa1YJUKGWgHv+4GxDli0xu3Ge6MPc7G5bZycXb4jYGKKcNG3IdrrjFe7TmUxFXn54wdC3DRxjMYpBOszqJMkln4J280Mj8mIjwbsue7qOUf9VU9RSJi17f0FcsZaLD2ZzcurjbUF9ZSy0QANEv0dpAefk8S20FGuMRls6uCtOQcauXQk+w0S0T7GMYFzOOvP7C3xaFe6Hlam7vHSfPr77QYtS8QLDzveaf7qMjxyHfOAZMYk+t8sscy/nnTXHPd360g0JIbB8U5XnEgLcjGJ1+G6eKjH1nHicA1IFeB6fPh3sHt1sBOhSUV3hMqoclysci9aPuTouGLv/ASFE9lLi6MfzFfGJa/p8HzkRYU2RO6Jnd8pTfqudPMhwwbLHfb4WZiHzmwnsTjrn0IkJQ2L2yyGsY3xW736HhSI1sImtcVkDgbOi/dMfwOtoRO2KIakcLrZOUgrOGZVvXSry0ENkp+h/YGeUPzLjMjgofzo2LJr8VpjreuFYUQyRHKJxL3bCo0ePkW9VcHdNBWbrG6ZmqAaO6ZySK7KEHver1H9/vlJJoeeayK8/YnNYm07xDWpiYnI1Dc9e74ctydty0IS/f1TR9DGTJJoKskfxfU9rLpJxIpzPhz754XPsE6oLC1GxqzstY6/sD5IdnZZIj2UA6UYFs3EOr2bEqkz6xSOEvm6kbiilqEiLrvGjtt4bJIUFu9y+aLyDmLByZ/Hq6hH756T4MfU6ZKpqmkPm4eJqiHezJ70q8bJtrMvrn2hKQb1gIIK42o5noTOQ1iuill9WEhdpomm++TWxNaGkTVjquIWUfNG5jiGRU3GJLa6UyZhkUdc5QtplbZOvKKS8Y0HH9x6SWJ+YWBL4sbzh0AnUxH0huJHuLb4LVuLTemGrxgIi0N5Oj6Kigv7v798dVNhWRGSa5x8NFLBXX9E9aCo0op5NATaF7lrP/uEFQgFv0yOtznhvrn1SUAZ6ujI22+lrH4R9hpD9TGFlQmUDjEScEKllNHSK6zeGT+ZinyOF0D7utq2PnzmifXD6cxvLVYtL4fjOujEKHpQV4carvggXBTDMq9Qpks8KZo6z6N9LdsW8HvJJZpWG0bxeLxXeEKUkmQf04t9YbY4WWC9bbZ0fF6g4hALisDFFgdzL8noi4mE+aCELeqVUkJlJWmC2Gnur90Q7rl8P26juk2L77MLqZzMF80HjYH51WZkf/76AdOwi464pqkb1HfqroqSiWpo7ZmTZ1PbRBuiJq6bOAMrKTvUv/8siZAJaqSkAcJzS8Vg+p8/Ic8qkupkq9lVntpREQrCVBGt+okjDgqlvFFPvNCiOv9ag3eOmFL9DSFMKGhQc8CpsmBIrkwsKUZZ80TGjgsVeAwlyIKfBqiYYKhoIQY7o+z3BuYWYj7jX9bUOHITMce1DgffKrJlHvX1MtGIUf5rP0W7Q7TRjITBOoX8J/M/iLRx+486/rj8qI30cvNArqR0Bv7mI1SPFhOMzdG9SJgj/7WUOh1mtqA7elIDbX259AxRk6kZCl12Rfm2l5P3ajF2Bz8Pjvs3R7R9/K3fXZ47697Wpbz7QJUlwbHMy5ZbN1/1O4KvSN6FH6ajQP0ssW+9bSAfNAK3wgh4dVnAjj50ofWNJ+sTzqL2hFLbOc7xqN9sUmdqgCS8XQv/xb3nkr/FevX1W6AVSK+vzstigvvkC/rMHZpJxo+bv4SBGqv1huvfwrpr4oxGpLSaRC2BNd2bX9XwJDvw/z4VyFSoB7aTCtUDVuLbq65/gT1b9Vt+Yquqpkwavn7UHd+wCHX5rtTPF/LN2EU3J5wGT05VAa90VfFDbq3SDXiruvK0c4KCK5EJyI6TUYdSXNm/RC3985JHwut9bdd+eXjal0qSbkZmUvw8ISHgGXN8tVG/SwSvOzJw/oxpFOjB0Da+mDDRgSKP6toEzQtbgsXGJxIdmO5zfBRSCZsij60pv99tKvGlJ8HYhuVd/PtOs5WM1YIDpyhcj2kARyiAavmKKpPFY/Mxshp0gaZrBoL49gORR38KbWJ3wjXps6DOuNFOEJdYzyU3S/6hR5x/K4o5mJs05pSxihSbv2qXNS2SuCfL2y0sSsB3O3hD1mgkplbNe6HQKUKc1rn0bi2Epppwf/9SY9WkW3YKFXrdWePEPdIEVw4SkSO1tBF715wGYNVjX13HeGiR/NC7BKT8bujVDIqeZR9rY0hQjxh7zkRpt5OV91I9TbMnc+4D/4KEQuxTQ+aa/JIfrg9lo8vUo8GzZvU6EyZoeqn0QhbHyuQ6dT/zbok/xtzrkiyIXkGpzgCH7ap4hcdC5jylmXGKftp9/F32dYZPumW8k2V0cfPC/v7u6tIER5Xc1Mw0ztUE2VX7ABitvhIkirdW3exDrZNSNgvAGNqiKDG5KGlU6baTZ/RTnFwYtbAPdw6aIytnW4NDFfUzjtUuEuPPxNyn65LsQNjRX/VSVvGoSflLGkN1g3W1W1EZ83GeJlX7MZ085hUtMU6t9hbX3/jIp8PNLfZHtp2Ed03OKeVoAsvc46HoOJ7Aj4uqLbI6y6MYF2vMZZq0673U938bP/KPp4WM68l5jiFH45gKlaCSxH1g3wmb90lltb9o2OFrrMlU1i7dUVZvs0k6sPYJMg9Z8W1M42VRazUTjoX5EH/kIDMT06LN+XpGlxVkzSVpz9VkNl5KhOFa2H3uifbBeNYM4nbxcA95Io3EcRwj3/O9+2Or1x1AFSJG181BjicHxnaQrmW1xDPDSAEqOgayMe/wUvHnNFmrwiTRdl7nXJVupsua94nq44iXqd94H1jbW8B4VlPNl79/emh+0Ua8mjaNuRyyJPCMvf9MUeSlkle7cHhbzTrkKjGG6mmcY72bo1wU3hkFl0Sid/oH1krwvUJGDzdorAx7+MB1K80zZbaGL8K1Zi3kEtKc+Ej2pBtfTO2jk6DP8cHKaeZnJzRT7W+qqRWUkCjdFcfBHKZMM8eN+0ktzOun2+imiRv2rbbOpERBsGx81yWZ5N6nJCZUlERu93gGcVqtH5e266GIGmTb7QAD48yxj4N0LR/WsMPv+wTXo37Mn4p7ZanbajZt20xMv+xwtY/Dquz1o5mZlAM5Obhi7Wk7OZdqqTgFOJxdzpPpu2kOx7MJE51OHK30N0tdVw2DYN6Dbx6RNPq+xyoKbvtQFoRbTejPEsK4pylz206vUthFqQOpdE/M11sE6RT8DVPgRqpXpOyxoJ+1v9Ihi195SIc6LYW0nb/VgKydrqGFn1xO9+GXvhd5UZBe+Or5MZDaYQmCwMyizFS1vaWKzX+n37TDp2o/ZpfJB/bvE2tSr6ZRi+pxt8BP5LUn2fDzvMz71xLlIYpnY829d83KkREOur6i2VfkIwxpRKv6M10MbyF9G4+9suldKk0NT21b0H899HlGKj0aGa7FYJhRPRkH1WmMB204NK1F9VELniEDRuKn6fG2pFeFdsH63Rk0WYx98+mck8/dl6tFoVenxJ2zZxVlK52uZy50YIodE8G+g97gEDS7Upbu1rZAqxqnztt/NolSJ/IstnNcA9Z7lTPHkhVkRBUPeFOpe7FBa7GUXcIQPTSAjQIFPwVPlZi+qwQhn/sTPYh5QzqjVRUHx5rfwGsTItjkjdfLRsPSqmzp0sgZPEvmxNMozxj0hCG43ez91LcT2aXUEyPr60Zlvk9pQhXRd/bqN2Waem7/nFuFTzDp3EbSFumCOba0dKvnRYveoknL76ThPYZzh9OtWQ9VVVGriltQpiebnYdKmnPQgrrLyqHYBdCLnllNvZao75ndNU1Ou9D1Lidtjhi33JYeZLzh3n36Ns4zpozkyQy6VrlktfnH4gI+IY2lFYun3r/BbfpQU6Rr4msnSPYOUriGRQ8O79BhJztOcNcsq5r0uNpSat5CCBoZgXY90ZjFUGe8Yo2qdJDtGI9Wg2ZuW6KTtkr81xk6cUiFpE2yZGHKt1/Q3hx7Dycbzk3+/lPBWWtJCARR9IMI0AEmxN2dDPfB9euXDQg50N1Vr+4NILWFr3YZiaN1cSdYXXSVKe8VQIddfMJl0f3qRPPWUfsheeyTV5Vmd/3bP72ILpGvbB39o2zyGT42Nwq8bw1tA+0xjbWiUSRktncnx0IFylQ4Moe3CUPnps20rbqpJUfCV9EzWqja7uKliDAcyyuFcY3Oc74Lct3Gyk8k4YYNV0qKFLq7VpKl9xRG2xO8RY1E6uC2p/21DEPmnqJEspRhKq0ejm3fp5Mihg/Cc1lVRPe6miY915snWZ/wKce+5uj/zu3miJv2WErq7pAevVHrsKeVWyyXth34+KPX9vrNvoHjUufdSONQh+qmNAHaBZ4mxNA6D0j1qcABynO1EuRZw6ft1Vv38AE9I2X9ZxRptR874wovEuVOqyJKUPpC21m81hs9+c4mjdNmTNluk/rJcTc4fGohVOLIi9LoOkPMxi/XCbG1g5lQkR2CLvXlFpM3oWPbEKaiWppj6x6NFQ6oeQ5rw3pgcCP7nGbuZ4buxjoqUWYsBxYUSVbQ8z/tiL7AJVKudXGBthTJ+MkFvjp9WXkZe6pXu8VbLC16JT0o4AMfzaQMDYY40lk67EFGMS/bgvNVnlXCXnyERqTcSjrTzqCptYCnunA4TywXsJz+yXsd4WTtWmVPIrDqGgifMm7e01koq3uI2aybKZ5BXNQw5NZvHnbmXYKnUx8UwgOznIqfKGRb5Pxmkqrpl3CjC6eaHIuuxsrgqHaQjEZmbrXnH3hMUaQzmjnG9rohGtmx+tXUIGN1QWEvo0zOwwuBbX7vecpuqu79JMcJWLoVz9d8LvSdyTzYzVbuzXUDTBJdn08aBwXKtb0aoMN+bAM8PRfz2goJKWVjyUNOOVarII9KfxTgzjYp5o3LEF5SIBGWljIdS9G6EXnOmq7h8/Ika9Vkpwzf20bOnxrZOiww9EtoPZ9U5I9hIbYt0JGbMKl6DwNceEtjYpP1Skt70L2REjrc+mjG2UCZCMnZH1J1GUjm7JNLk6wjRLU8SsW/yCIuadLVnec9hZZUVObkkYZ5nRfnlxTZEpb4LmAnOj8B2iYVb3alMuRYovu9BV9FAk2f76xf02Okfr7aBxtPRBPwrfHdIhSMN62fy39iDEGZr2aXaD294Hyz7qMkWkImQv3bmPZk7u9y0cZ4SnwSwJ/55oa0ToIwRgcDIeUndqSav8J5a/TfcRSL9N3aszxIVyXCTKO/tpE9RVnqxedzua6rTw8cspg9+514QstzlNL3g19LOk4rxO05P/Fv3TH8113qxJMcfG5EPToU//BdvPFoSOy+rN1dL3a3hq3GoZ1iXwpF3un6ZX9gdZLcvd1xLQL8DYoxSX+m3PJ4XfFpTaI8chqylM9ivGWynYS0jkQ0ate1ApV0Z6O1j6FShAMSgQ0YvHb7vZCQLavxbsVCPUMEHRd7YVknSAKuvzTakZL4QgmZwwnxRZJhECKqXvJlfcqBg92vDMl6OlTk10v4CYpLHJFNSeROYaBHrDaE1/7u0Ss10Uuzl418pc7cqaHxQuDigOFZFZYMsLaOgnMHnI9fqsyPQyxYPwpY5aF0MeSqnKrFncgpM1Va2A8WvEnEclYkbUrhkBcGhPfGTkxJnuU+z8kFNGSNaWunIp3+m4U6eOosQCmXQvavF2oHoiXiYHPF/BVzxRXD/EsYYM4FMCrZt2WUcyq6kiuPH+R9TcTw1KcaSq7QLd5kDSUlmUuSWiKoRoo7xBcauEZyoNteDyASHXe35ajnYSMLfVe7qsThPBi7ntMam3aLpqWOJhFuasmR4sXGGEyJGPRGbuL1BsEInFFwTz3gsESPtkim3ecWhHwNm3m6LYD/Hfk2yjAk1CViwz7m0Gvd86ZVj49UYcZJC6QfNmwx0qIgPcWMbYQ81uguKRiPpsY24uA5zqCHUU8yXKCAQXGHluE3ajEc3mKfvb/V1d7ZGX9hOKn79jGVevZ0+mPGHw6PGt6weTm7rOM4Ma8ZXlGksVosBhLwseszTDQpYFvoD18C/o2JjbWZM1oPLpisFrwWDTGV/lyJjsT9efVrFT2fN0Kyc/A+XJ3w2jjzEnatsG0v30e9u5ElwIBHDkNgjycnUXJaU2KgPvRO2U0vu/fMPkwMqcA6CcocFmAimEkMy+DWnKKRwk9MAkdmz5fUxbm+JW5lnaolReI6Sk8UG8G69YzWnSg3IswQzccuFkWi4dfAUUgNnjzfYUrj95itSXQgF+PabUej28Mg4WQP/wL6QnbHRKiMOn9vPz1SMwT+xETRrhCaI7uc74XSXs0cBOhaQOwx8K2d0JoLFcgCvXrf3yIDH2UTqgT7qrqn+iJm+oQHmq93z9aHCNeb+NfSQxrz77YEqfhotuYJnKit8hCuK9SurdbSNER3waW8IP2jIrXuOEJsONtu3K+S8O7WwU7VuNdUiA5GjwFIwrVtzaohTFEKTsIA94Fe+pGAKhp8QAr8g4RDqd6WY6R2Cvs+/FU5J/1C+ZawhJK+a21umSMfFqXn6hmLsDLaelqBuTi8ozLVUSKipM+vIYj4GHxuRTmOxaauRaAQ4gZXednY06F0QNye+LpBKGJiy7jqDUOmqAk243hjgE3W49yM+epirVESQbrU+hFbhenr1I+mkEgGEVT6+L4mypATzpCrCJ4nkf9EmD70gzq2pAQLAx7EJCL0YqXy2SjRDIzE63oKXu4IW1pPT25po3HKJ9YZLuuKJ9ulAVq17xq8cE1+KPKLvjyaR/zYR5houZcgeZVU1VVYUDveiOCoHEQwquVX4ORNi+OjQrmYElkVaIPAEohIoonIO2fqDH2NbK7FtzE3a7uNYxgTQ7Bhlj7TN/HC21O4/69NcYUr8GiX/B9x4TT1/fSwgkyTPKO+E8wX38SBkShco3krLs/UlNMj1DskHiWLd9J2XSWoGF0TwOH1TjfQFxBcGK9VFn9l18fSQ/kshjzCoCLQoYRw2XSZ8Hg1H4qNUo6ingzmSI+hQOAnAMnMs/OEFJxgl3kIdRLBM7VQVxwsTGsfAYOjVLcdimfCsxIeo+djlOPFsiP+dMibafi8iEHkC9asQEx7rY44gbGULH6z0D6XiDL1HKT9nJmFBacdHdL5jF7iJRgW5tfVoOCzfcVaS8ykeF6N7SZoh4UvHcfBND++cHDaGoIfu9RsQ+cQifaCKM6UmJ7ZOcqbWbKxzQQ9jyO82UZRe2mP0VqWzjovxVI2xroXTbvm9xIo7ewUTllfjykZnGIEFtr934Xkd8BXIUTlmN3PHXcnZk42ahC8Tr5TlZUEL/tIhKrRqPaRM92T9gxfXcyiiM7jnx6dxqwfjLpqzOpJxL4Z1KcLXt+V3lDhjA3W9u0tEVLktFcJtcagKuLitPOFHvKiNGBWPt6eABuuR4qgj82sRz1DzTkc74dusOQRNOaTg4I0DCyzbcyncJB02BxO89iLvFAyw3TFgDmHRjSGW8i3P1YQm5zrF4e/iyhu5RMt3uXjhsxqyotReq+aysWaWsvmn/4AtfhYgttpF/EErtH1nkmyVXH3+WHNAWlJhCs8TawmBb/vCrTNMSeczmX06dZI90qAoOH0TFtIB0fV85cIF6pq3jDwh2T8gemQFh9BUKsdwebDpBje1KkT0uoISecja2sJpBfWqGw2+QpaS3Usm4OHGiacb3SX9h4nKBIqpgqO+es7wpCLPkjHuAgNLZdka2ME96oNvtwFsktVu3fOFlcEVhgUFgjiw+QqLiNqyhhz5Upzq8N8PMR2RMMjk25YLb3PgfQOYI4HTaZ3UP04y4is7ybvL4x5nny/+zMd7KRp5gF+L6mFZ0tMI2wKwsna+4W5GEqx29p8apGmyOwY6XXNiH7amQmpkLVVIs4eYl/C3/IsiAG9zybKT/AQluepqGfz2osoKaC7eeuhVDjG+A/KnM9U2aV5SdVeLu69pojJ3LADq8fSUOfCrvdxWyO+EQAyBMEXn0vDV2gYoUVXq3WLJsbY0iaATHlxdELRcw1rjaUgXze3+FQU/gnLDz7I+WXdIMkuEe2ziQMchYX18EWPogVDFEUBoPocXkijBpY+HPUwHXEsiVQB7QIeDMW42flsv+k7Bh7mrdRwDT4Q54PO8rjQNw1v9grlpnbtpXb5/zODs7ssWJtuWbp1cwyoCYciF7xfZtrG75tAHRFpMgLI0IqFsn/5x3VHr6CS2k5w6HKu5pdsqR0lKIrvvPyEjA0RzZMz37u+A3eEFDCTUWKftvblE1KNI0rdWAPZNl5YsXNkfkqjxKbKfHWZ8qXibJ83FftetzWOcy+s8MrPkG6MP+FYZmSURB8Av3aQqC5ZZac3I7zsKgRnaakqJpsDABLLam6VKqNbaGyXvKrqunzGGbASjfdAL58R1SJRStPKDM9OzhYVyik/dCHWRr35Nc1fdDcI0qhPXJM42XHLA1D0L85PUTzbViOkcwWkVummUaEtme3Nflw039p/swS8LmouIustYk2jMS0gOZWkKg0A2BAFCe+sUHLPkEUETpVlwMzuv+rE6t93d+rDbyvJXK3DrOh39Y/Ur4Iq6KFPVUGdj9V9iZAy70HHcNBpRqrlwu5JIeTySz9SBlSv0KW5V7Sx71W+gdIXnaWHv9276KmMMO/nY/ul2f18LaNZ06xiDzjOcb0v5vPdlvR03jw4PX5DY+aLmQzDdsqz+4p45tTxMOARg0byEL0j+RwvkaggHWG6J+TDJYn8zmb2QzMgz5YnR8KJemZLweJcjdlDgdSuq9ogiy0q7yfXZYo3CtqBZZAFe6DD4UYbNujfW+XyMEzz01SYHbgIFsVojLlWtlIds5V/L7Znag9wLNCMHUuWrGmfrDnJFNV9xUssUqg8grs7OAFpCOxX+N+W4ioUy9hXEkL8o2cyzp2JztJlxqsQ6v3exzQIjqot65EO8uvHS+6i9uG+cGG71P+PBlxfBKrsx4pZe1FUe1QFnHZAczzrs5mws0+VedzkTS6FnJYU+PosJ4AaxVCo+1AEwbR79TMR9sZWwUQzbNz6oajIwReQWv+l25nUPsfRFEX8AXQs/HJIVwAA')
INSERT [dbo].[tbl_Borrower] ([BORROWER_ID], [FIRST_NAME], [MIDDLE_NAME], [LAST_NAME], [DOB], [AGE], [CONTACT_NO], [ADDRESS], [ADDED_DATE], [ADDED_BY], [MODIFIED_DATE], [MODIFIED_BY], [STATUS], [PROFILE_PIC]) VALUES (N'BWR-00003', N'RIONILA', N'P', N'ECEL', N'1988-04-19', 32, N'09203320102', N'RIZAL', N'2020-04-19', N'admin', N'', N'', N'ACTIVE', N'')
INSERT [dbo].[tbl_Borrower] ([BORROWER_ID], [FIRST_NAME], [MIDDLE_NAME], [LAST_NAME], [DOB], [AGE], [CONTACT_NO], [ADDRESS], [ADDED_DATE], [ADDED_BY], [MODIFIED_DATE], [MODIFIED_BY], [STATUS], [PROFILE_PIC]) VALUES (N'BWR-00004', N'ROHGEN', N'E', N'PONO', N'1996-04-19', 24, N'09201138821', N'RIZAL', N'2020-04-19', N'admin', N'', N'', N'ACTIVE', N'')
INSERT [dbo].[tbl_Borrower] ([BORROWER_ID], [FIRST_NAME], [MIDDLE_NAME], [LAST_NAME], [DOB], [AGE], [CONTACT_NO], [ADDRESS], [ADDED_DATE], [ADDED_BY], [MODIFIED_DATE], [MODIFIED_BY], [STATUS], [PROFILE_PIC]) VALUES (N'BWR-00005', N'KEONA', N'P', N'ELCE', N'2010-04-19', 10, N'092818180', N'RIZAL', N'2020-04-19', N'admin', N'', N'', N'ACTIVE', N'')
INSERT [dbo].[tbl_Borrower] ([BORROWER_ID], [FIRST_NAME], [MIDDLE_NAME], [LAST_NAME], [DOB], [AGE], [CONTACT_NO], [ADDRESS], [ADDED_DATE], [ADDED_BY], [MODIFIED_DATE], [MODIFIED_BY], [STATUS], [PROFILE_PIC]) VALUES (N'BWR-00006', N'EMMANUEL', N'P', N'ELCE', N'1922-04-19', 98, N'092919191', N'SURIGAO CITY', N'2020-04-19', N'admin', N'', N'', N'ACTIVE', N'')
INSERT [dbo].[tbl_Borrower] ([BORROWER_ID], [FIRST_NAME], [MIDDLE_NAME], [LAST_NAME], [DOB], [AGE], [CONTACT_NO], [ADDRESS], [ADDED_DATE], [ADDED_BY], [MODIFIED_DATE], [MODIFIED_BY], [STATUS], [PROFILE_PIC]) VALUES (N'BWR-00007', N'DANRIE', N'P', N'ELCE', N'2012-04-19', 8, N'092922911', N'SURIGAO CITY', N'2020-04-19', N'admin', N'', N'', N'ACTIVE', N'')
/****** Object:  Table [dbo].[tbl_BorrowedBooks]    Script Date: 04/20/2020 22:31:50 ******/
SET ANSI_NULLS ON
GO
SET QUOTED_IDENTIFIER ON
GO
CREATE TABLE [dbo].[tbl_BorrowedBooks](
	[ID] [bigint] IDENTITY(1,1) NOT NULL,
	[BOOK_ID] [nvarchar](50) NULL,
	[BORROWER_ID] [nvarchar](50) NOT NULL,
	[BOOK_NO] [nvarchar](50) NOT NULL,
	[TITLE] [nvarchar](50) NULL,
	[SUBJECT] [nvarchar](50) NULL,
	[CATEGORY] [nvarchar](50) NULL,
	[AUTHOR] [nvarchar](50) NULL,
	[PUBLISH_DATE] [nvarchar](10) NULL,
	[ISBN_NUMBER] [nvarchar](50) NULL,
	[LOCATION] [nvarchar](50) NULL,
	[BOOK_PRICE] [decimal](6, 2) NULL,
	[RENT_PRICE] [decimal](6, 2) NULL,
	[DUE_PENALTY_INTEREST] [decimal](6, 2) NULL,
	[LOST_DAMAGE_INTEREST] [decimal](6, 2) NULL,
	[ADDED_DATE] [nvarchar](10) NULL,
	[ADDED_BY] [nvarchar](50) NULL,
	[RETURN_DATE] [nvarchar](10) NULL,
	[RETURN_BY] [nvarchar](50) NULL,
	[DAYS_BORROWED] [int] NULL,
	[REMARKS] [nvarchar](50) NULL,
	[STATUS] [nvarchar](50) NULL,
	[TOTAL_AMOUNT] [decimal](6, 0) NULL,
	[TRANSACTION_NO] [nvarchar](15) NULL
) ON [PRIMARY]
GO
SET IDENTITY_INSERT [dbo].[tbl_BorrowedBooks] ON
INSERT [dbo].[tbl_BorrowedBooks] ([ID], [BOOK_ID], [BORROWER_ID], [BOOK_NO], [TITLE], [SUBJECT], [CATEGORY], [AUTHOR], [PUBLISH_DATE], [ISBN_NUMBER], [LOCATION], [BOOK_PRICE], [RENT_PRICE], [DUE_PENALTY_INTEREST], [LOST_DAMAGE_INTEREST], [ADDED_DATE], [ADDED_BY], [RETURN_DATE], [RETURN_BY], [DAYS_BORROWED], [REMARKS], [STATUS], [TOTAL_AMOUNT], [TRANSACTION_NO]) VALUES (78, N'1', N'BWR-00001', N'BKR-00003', N'INTRO TO PROGRAMMING (C#.NET)', N'PROGRAMMING', N'PROGRAMMING', N'LYNDA D COM', N'2020-04-18', N'1003', N'FLOOR - A', CAST(800.00 AS Decimal(6, 2)), CAST(150.00 AS Decimal(6, 2)), CAST(5.00 AS Decimal(6, 2)), CAST(5.00 AS Decimal(6, 2)), N'2020-04-20', N'admin', NULL, NULL, 1, NULL, N'BORROWED', CAST(150 AS Decimal(6, 0)), N'TRX-000002')
INSERT [dbo].[tbl_BorrowedBooks] ([ID], [BOOK_ID], [BORROWER_ID], [BOOK_NO], [TITLE], [SUBJECT], [CATEGORY], [AUTHOR], [PUBLISH_DATE], [ISBN_NUMBER], [LOCATION], [BOOK_PRICE], [RENT_PRICE], [DUE_PENALTY_INTEREST], [LOST_DAMAGE_INTEREST], [ADDED_DATE], [ADDED_BY], [RETURN_DATE], [RETURN_BY], [DAYS_BORROWED], [REMARKS], [STATUS], [TOTAL_AMOUNT], [TRANSACTION_NO]) VALUES (79, N'1', N'BWR-00001', N'BKR-00009', N'INTRO TO PROGRAMMING (C#.NET)', N'PROGRAMMING', N'PROGRAMMING', N'LYNDA D COM', N'2020-04-18', N'1009', N'FLOOR - A', CAST(800.00 AS Decimal(6, 2)), CAST(150.00 AS Decimal(6, 2)), CAST(5.00 AS Decimal(6, 2)), CAST(5.00 AS Decimal(6, 2)), N'2020-04-20', N'admin', NULL, NULL, 1, NULL, N'BORROWED', CAST(150 AS Decimal(6, 0)), N'TRX-000002')
INSERT [dbo].[tbl_BorrowedBooks] ([ID], [BOOK_ID], [BORROWER_ID], [BOOK_NO], [TITLE], [SUBJECT], [CATEGORY], [AUTHOR], [PUBLISH_DATE], [ISBN_NUMBER], [LOCATION], [BOOK_PRICE], [RENT_PRICE], [DUE_PENALTY_INTEREST], [LOST_DAMAGE_INTEREST], [ADDED_DATE], [ADDED_BY], [RETURN_DATE], [RETURN_BY], [DAYS_BORROWED], [REMARKS], [STATUS], [TOTAL_AMOUNT], [TRANSACTION_NO]) VALUES (80, N'2', N'BWR-00001', N'BKR-00013', N'THE MERIAM DICTIONARY FULL EDITION', N'DICTIONARY', N'DICTIONARY', N'MERIAM B DEXTER', N'2020-04-18', N'2003', N'FLOOR - A', CAST(500.00 AS Decimal(6, 2)), CAST(200.00 AS Decimal(6, 2)), CAST(5.00 AS Decimal(6, 2)), CAST(5.00 AS Decimal(6, 2)), N'2020-04-20', N'admin', NULL, NULL, 1, NULL, N'BORROWED', CAST(200 AS Decimal(6, 0)), N'TRX-000002')
INSERT [dbo].[tbl_BorrowedBooks] ([ID], [BOOK_ID], [BORROWER_ID], [BOOK_NO], [TITLE], [SUBJECT], [CATEGORY], [AUTHOR], [PUBLISH_DATE], [ISBN_NUMBER], [LOCATION], [BOOK_PRICE], [RENT_PRICE], [DUE_PENALTY_INTEREST], [LOST_DAMAGE_INTEREST], [ADDED_DATE], [ADDED_BY], [RETURN_DATE], [RETURN_BY], [DAYS_BORROWED], [REMARKS], [STATUS], [TOTAL_AMOUNT], [TRANSACTION_NO]) VALUES (81, N'3', N'BWR-00001', N'BKR-00022', N'DISCOVERING ANCIENT TOMB', N'MYSTERY', N'HISTORY', N'VINCENT B GALLOS', N'2020-04-18', N'3006', N'FLOOR - B', CAST(600.00 AS Decimal(6, 2)), CAST(250.00 AS Decimal(6, 2)), CAST(5.00 AS Decimal(6, 2)), CAST(5.00 AS Decimal(6, 2)), N'2020-04-20', N'admin', NULL, NULL, 1, NULL, N'BORROWED', CAST(250 AS Decimal(6, 0)), N'TRX-000002')
INSERT [dbo].[tbl_BorrowedBooks] ([ID], [BOOK_ID], [BORROWER_ID], [BOOK_NO], [TITLE], [SUBJECT], [CATEGORY], [AUTHOR], [PUBLISH_DATE], [ISBN_NUMBER], [LOCATION], [BOOK_PRICE], [RENT_PRICE], [DUE_PENALTY_INTEREST], [LOST_DAMAGE_INTEREST], [ADDED_DATE], [ADDED_BY], [RETURN_DATE], [RETURN_BY], [DAYS_BORROWED], [REMARKS], [STATUS], [TOTAL_AMOUNT], [TRANSACTION_NO]) VALUES (82, N'4', N'BWR-00001', N'BKR-00029', N'THE PERFECTIONIST', N'MYTH', N'FICTION', N'VINCENT B GALLOS', N'2020-04-18', N'4003', N'FLOOR - B', CAST(550.00 AS Decimal(6, 2)), CAST(200.00 AS Decimal(6, 2)), CAST(5.00 AS Decimal(6, 2)), CAST(5.00 AS Decimal(6, 2)), N'2020-04-20', N'admin', NULL, NULL, 1, NULL, N'BORROWED', CAST(200 AS Decimal(6, 0)), N'TRX-000002')
INSERT [dbo].[tbl_BorrowedBooks] ([ID], [BOOK_ID], [BORROWER_ID], [BOOK_NO], [TITLE], [SUBJECT], [CATEGORY], [AUTHOR], [PUBLISH_DATE], [ISBN_NUMBER], [LOCATION], [BOOK_PRICE], [RENT_PRICE], [DUE_PENALTY_INTEREST], [LOST_DAMAGE_INTEREST], [ADDED_DATE], [ADDED_BY], [RETURN_DATE], [RETURN_BY], [DAYS_BORROWED], [REMARKS], [STATUS], [TOTAL_AMOUNT], [TRANSACTION_NO]) VALUES (77, N'1', N'BWR-00001', N'BKR-00001', N'INTRO TO PROGRAMMING (C#.NET)', N'PROGRAMMING', N'PROGRAMMING', N'LYNDA D COM', N'2020-04-18', N'1001', N'FLOOR - A', CAST(800.00 AS Decimal(6, 2)), CAST(150.00 AS Decimal(6, 2)), CAST(5.00 AS Decimal(6, 2)), CAST(5.00 AS Decimal(6, 2)), N'2020-04-19', N'admin', N'2020-04-19', N'admin', 1, NULL, N'RETURNED', CAST(150 AS Decimal(6, 0)), N'TRX-000001')
SET IDENTITY_INSERT [dbo].[tbl_BorrowedBooks] OFF
/****** Object:  Table [dbo].[tbl_Books]    Script Date: 04/20/2020 22:31:50 ******/
SET ANSI_NULLS ON
GO
SET QUOTED_IDENTIFIER ON
GO
CREATE TABLE [dbo].[tbl_Books](
	[ID] [bigint] NOT NULL,
	[BOOK_NO] [nvarchar](50) NOT NULL,
	[TITLE] [nvarchar](50) NULL,
	[SUBJECT] [nvarchar](50) NULL,
	[CATEGORY] [nvarchar](50) NULL,
	[AUTHOR] [nvarchar](50) NULL,
	[PUBLISH_DATE] [nvarchar](10) NULL,
	[ISBN_NUMBER] [nvarchar](50) NOT NULL,
	[LOCATION] [nvarchar](50) NULL,
	[BOOK_PRICE] [decimal](6, 2) NULL,
	[RENT_PRICE] [decimal](6, 2) NULL,
	[ADDED_DATE] [nvarchar](10) NULL,
	[ADDED_BY] [nvarchar](50) NULL,
	[MODIFIED_DATE] [nvarchar](10) NULL,
	[MODIFIED_BY] [nvarchar](50) NULL,
	[REMARKS] [nvarchar](15) NULL,
	[STATUS] [nvarchar](10) NULL,
 CONSTRAINT [PK_tbl_Books] PRIMARY KEY CLUSTERED 
(
	[BOOK_NO] ASC,
	[ISBN_NUMBER] ASC
)WITH (PAD_INDEX  = OFF, STATISTICS_NORECOMPUTE  = OFF, IGNORE_DUP_KEY = OFF, ALLOW_ROW_LOCKS  = ON, ALLOW_PAGE_LOCKS  = ON) ON [PRIMARY]
) ON [PRIMARY]
GO
INSERT [dbo].[tbl_Books] ([ID], [BOOK_NO], [TITLE], [SUBJECT], [CATEGORY], [AUTHOR], [PUBLISH_DATE], [ISBN_NUMBER], [LOCATION], [BOOK_PRICE], [RENT_PRICE], [ADDED_DATE], [ADDED_BY], [MODIFIED_DATE], [MODIFIED_BY], [REMARKS], [STATUS]) VALUES (1, N'BKR-00001', N'INTRO TO PROGRAMMING (C#.NET)', N'PROGRAMMING', N'PROGRAMMING', N'LYNDA D COM', N'2020-04-18', N'1001', N'FLOOR - A', CAST(800.00 AS Decimal(6, 2)), CAST(150.00 AS Decimal(6, 2)), N'2020-04-18', N'CURRENT USER', N'2020-04-19', N'admin', N'', N'ACTIVE')
INSERT [dbo].[tbl_Books] ([ID], [BOOK_NO], [TITLE], [SUBJECT], [CATEGORY], [AUTHOR], [PUBLISH_DATE], [ISBN_NUMBER], [LOCATION], [BOOK_PRICE], [RENT_PRICE], [ADDED_DATE], [ADDED_BY], [MODIFIED_DATE], [MODIFIED_BY], [REMARKS], [STATUS]) VALUES (1, N'BKR-00002', N'INTRO TO PROGRAMMING (C#.NET)', N'PROGRAMMING', N'PROGRAMMING', N'LYNDA D COM', N'2020-04-18', N'1002', N'FLOOR - A', CAST(800.00 AS Decimal(6, 2)), CAST(150.00 AS Decimal(6, 2)), N'2020-04-18', N'CURRENT USER', N'2020-04-19', N'admin', N'', N'ACTIVE')
INSERT [dbo].[tbl_Books] ([ID], [BOOK_NO], [TITLE], [SUBJECT], [CATEGORY], [AUTHOR], [PUBLISH_DATE], [ISBN_NUMBER], [LOCATION], [BOOK_PRICE], [RENT_PRICE], [ADDED_DATE], [ADDED_BY], [MODIFIED_DATE], [MODIFIED_BY], [REMARKS], [STATUS]) VALUES (1, N'BKR-00003', N'INTRO TO PROGRAMMING (C#.NET)', N'PROGRAMMING', N'PROGRAMMING', N'LYNDA D COM', N'2020-04-18', N'1003', N'FLOOR - A', CAST(800.00 AS Decimal(6, 2)), CAST(150.00 AS Decimal(6, 2)), N'2020-04-18', N'CURRENT USER', N'2020-04-19', N'admin', N'', N'ACTIVE')
INSERT [dbo].[tbl_Books] ([ID], [BOOK_NO], [TITLE], [SUBJECT], [CATEGORY], [AUTHOR], [PUBLISH_DATE], [ISBN_NUMBER], [LOCATION], [BOOK_PRICE], [RENT_PRICE], [ADDED_DATE], [ADDED_BY], [MODIFIED_DATE], [MODIFIED_BY], [REMARKS], [STATUS]) VALUES (1, N'BKR-00004', N'INTRO TO PROGRAMMING (C#.NET)', N'PROGRAMMING', N'PROGRAMMING', N'LYNDA D COM', N'2020-04-18', N'1004', N'FLOOR - A', CAST(800.00 AS Decimal(6, 2)), CAST(150.00 AS Decimal(6, 2)), N'2020-04-18', N'CURRENT USER', N'2020-04-19', N'admin', N'', N'ACTIVE')
INSERT [dbo].[tbl_Books] ([ID], [BOOK_NO], [TITLE], [SUBJECT], [CATEGORY], [AUTHOR], [PUBLISH_DATE], [ISBN_NUMBER], [LOCATION], [BOOK_PRICE], [RENT_PRICE], [ADDED_DATE], [ADDED_BY], [MODIFIED_DATE], [MODIFIED_BY], [REMARKS], [STATUS]) VALUES (1, N'BKR-00005', N'INTRO TO PROGRAMMING (C#.NET)', N'PROGRAMMING', N'PROGRAMMING', N'LYNDA D COM', N'2020-04-18', N'1005', N'FLOOR - A', CAST(800.00 AS Decimal(6, 2)), CAST(150.00 AS Decimal(6, 2)), N'2020-04-18', N'CURRENT USER', N'2020-04-19', N'admin', N'', N'ACTIVE')
INSERT [dbo].[tbl_Books] ([ID], [BOOK_NO], [TITLE], [SUBJECT], [CATEGORY], [AUTHOR], [PUBLISH_DATE], [ISBN_NUMBER], [LOCATION], [BOOK_PRICE], [RENT_PRICE], [ADDED_DATE], [ADDED_BY], [MODIFIED_DATE], [MODIFIED_BY], [REMARKS], [STATUS]) VALUES (1, N'BKR-00006', N'INTRO TO PROGRAMMING (C#.NET)', N'PROGRAMMING', N'PROGRAMMING', N'LYNDA D COM', N'2020-04-18', N'1006', N'FLOOR - A', CAST(800.00 AS Decimal(6, 2)), CAST(150.00 AS Decimal(6, 2)), N'2020-04-18', N'CURRENT USER', N'2020-04-19', N'admin', N'', N'ACTIVE')
INSERT [dbo].[tbl_Books] ([ID], [BOOK_NO], [TITLE], [SUBJECT], [CATEGORY], [AUTHOR], [PUBLISH_DATE], [ISBN_NUMBER], [LOCATION], [BOOK_PRICE], [RENT_PRICE], [ADDED_DATE], [ADDED_BY], [MODIFIED_DATE], [MODIFIED_BY], [REMARKS], [STATUS]) VALUES (1, N'BKR-00007', N'INTRO TO PROGRAMMING (C#.NET)', N'PROGRAMMING', N'PROGRAMMING', N'LYNDA D COM', N'2020-04-18', N'1007', N'FLOOR - A', CAST(800.00 AS Decimal(6, 2)), CAST(150.00 AS Decimal(6, 2)), N'2020-04-18', N'CURRENT USER', N'2020-04-19', N'admin', N'', N'ACTIVE')
INSERT [dbo].[tbl_Books] ([ID], [BOOK_NO], [TITLE], [SUBJECT], [CATEGORY], [AUTHOR], [PUBLISH_DATE], [ISBN_NUMBER], [LOCATION], [BOOK_PRICE], [RENT_PRICE], [ADDED_DATE], [ADDED_BY], [MODIFIED_DATE], [MODIFIED_BY], [REMARKS], [STATUS]) VALUES (1, N'BKR-00008', N'INTRO TO PROGRAMMING (C#.NET)', N'PROGRAMMING', N'PROGRAMMING', N'LYNDA D COM', N'2020-04-18', N'1008', N'FLOOR - A', CAST(800.00 AS Decimal(6, 2)), CAST(150.00 AS Decimal(6, 2)), N'2020-04-18', N'CURRENT USER', N'2020-04-19', N'admin', N'', N'ACTIVE')
INSERT [dbo].[tbl_Books] ([ID], [BOOK_NO], [TITLE], [SUBJECT], [CATEGORY], [AUTHOR], [PUBLISH_DATE], [ISBN_NUMBER], [LOCATION], [BOOK_PRICE], [RENT_PRICE], [ADDED_DATE], [ADDED_BY], [MODIFIED_DATE], [MODIFIED_BY], [REMARKS], [STATUS]) VALUES (1, N'BKR-00009', N'INTRO TO PROGRAMMING (C#.NET)', N'PROGRAMMING', N'PROGRAMMING', N'LYNDA D COM', N'2020-04-18', N'1009', N'FLOOR - A', CAST(800.00 AS Decimal(6, 2)), CAST(150.00 AS Decimal(6, 2)), N'2020-04-18', N'CURRENT USER', N'2020-04-19', N'admin', N'', N'ACTIVE')
INSERT [dbo].[tbl_Books] ([ID], [BOOK_NO], [TITLE], [SUBJECT], [CATEGORY], [AUTHOR], [PUBLISH_DATE], [ISBN_NUMBER], [LOCATION], [BOOK_PRICE], [RENT_PRICE], [ADDED_DATE], [ADDED_BY], [MODIFIED_DATE], [MODIFIED_BY], [REMARKS], [STATUS]) VALUES (1, N'BKR-00010', N'INTRO TO PROGRAMMING (C#.NET)', N'PROGRAMMING', N'PROGRAMMING', N'LYNDA D COM', N'2020-04-18', N'1010', N'FLOOR - A', CAST(800.00 AS Decimal(6, 2)), CAST(150.00 AS Decimal(6, 2)), N'2020-04-18', N'CURRENT USER', N'2020-04-19', N'admin', N'', N'ACTIVE')
INSERT [dbo].[tbl_Books] ([ID], [BOOK_NO], [TITLE], [SUBJECT], [CATEGORY], [AUTHOR], [PUBLISH_DATE], [ISBN_NUMBER], [LOCATION], [BOOK_PRICE], [RENT_PRICE], [ADDED_DATE], [ADDED_BY], [MODIFIED_DATE], [MODIFIED_BY], [REMARKS], [STATUS]) VALUES (2, N'BKR-00011', N'THE MERIAM DICTIONARY FULL EDITION', N'DICTIONARY', N'DICTIONARY', N'MERIAM B DEXTER', N'2020-04-18', N'2001', N'FLOOR - A', CAST(500.00 AS Decimal(6, 2)), CAST(200.00 AS Decimal(6, 2)), N'2020-04-18', N'CURRENT USER', N'2020-04-18', N'CURRENT USER', N'', N'ACTIVE')
INSERT [dbo].[tbl_Books] ([ID], [BOOK_NO], [TITLE], [SUBJECT], [CATEGORY], [AUTHOR], [PUBLISH_DATE], [ISBN_NUMBER], [LOCATION], [BOOK_PRICE], [RENT_PRICE], [ADDED_DATE], [ADDED_BY], [MODIFIED_DATE], [MODIFIED_BY], [REMARKS], [STATUS]) VALUES (2, N'BKR-00012', N'THE MERIAM DICTIONARY FULL EDITION', N'DICTIONARY', N'DICTIONARY', N'MERIAM B DEXTER', N'2020-04-18', N'2002', N'FLOOR - A', CAST(500.00 AS Decimal(6, 2)), CAST(200.00 AS Decimal(6, 2)), N'2020-04-18', N'CURRENT USER', N'2020-04-18', N'CURRENT USER', N'', N'ACTIVE')
INSERT [dbo].[tbl_Books] ([ID], [BOOK_NO], [TITLE], [SUBJECT], [CATEGORY], [AUTHOR], [PUBLISH_DATE], [ISBN_NUMBER], [LOCATION], [BOOK_PRICE], [RENT_PRICE], [ADDED_DATE], [ADDED_BY], [MODIFIED_DATE], [MODIFIED_BY], [REMARKS], [STATUS]) VALUES (2, N'BKR-00013', N'THE MERIAM DICTIONARY FULL EDITION', N'DICTIONARY', N'DICTIONARY', N'MERIAM B DEXTER', N'2020-04-18', N'2003', N'FLOOR - A', CAST(500.00 AS Decimal(6, 2)), CAST(200.00 AS Decimal(6, 2)), N'2020-04-18', N'CURRENT USER', N'2020-04-18', N'CURRENT USER', N'', N'ACTIVE')
INSERT [dbo].[tbl_Books] ([ID], [BOOK_NO], [TITLE], [SUBJECT], [CATEGORY], [AUTHOR], [PUBLISH_DATE], [ISBN_NUMBER], [LOCATION], [BOOK_PRICE], [RENT_PRICE], [ADDED_DATE], [ADDED_BY], [MODIFIED_DATE], [MODIFIED_BY], [REMARKS], [STATUS]) VALUES (2, N'BKR-00014', N'THE MERIAM DICTIONARY FULL EDITION', N'DICTIONARY', N'DICTIONARY', N'MERIAM B DEXTER', N'2020-04-18', N'2004', N'FLOOR - A', CAST(500.00 AS Decimal(6, 2)), CAST(200.00 AS Decimal(6, 2)), N'2020-04-18', N'CURRENT USER', N'2020-04-18', N'CURRENT USER', N'', N'ACTIVE')
INSERT [dbo].[tbl_Books] ([ID], [BOOK_NO], [TITLE], [SUBJECT], [CATEGORY], [AUTHOR], [PUBLISH_DATE], [ISBN_NUMBER], [LOCATION], [BOOK_PRICE], [RENT_PRICE], [ADDED_DATE], [ADDED_BY], [MODIFIED_DATE], [MODIFIED_BY], [REMARKS], [STATUS]) VALUES (2, N'BKR-00015', N'THE MERIAM DICTIONARY FULL EDITION', N'DICTIONARY', N'DICTIONARY', N'MERIAM B DEXTER', N'2020-04-18', N'2005', N'FLOOR - A', CAST(500.00 AS Decimal(6, 2)), CAST(200.00 AS Decimal(6, 2)), N'2020-04-18', N'CURRENT USER', N'2020-04-18', N'CURRENT USER', N'', N'ACTIVE')
INSERT [dbo].[tbl_Books] ([ID], [BOOK_NO], [TITLE], [SUBJECT], [CATEGORY], [AUTHOR], [PUBLISH_DATE], [ISBN_NUMBER], [LOCATION], [BOOK_PRICE], [RENT_PRICE], [ADDED_DATE], [ADDED_BY], [MODIFIED_DATE], [MODIFIED_BY], [REMARKS], [STATUS]) VALUES (2, N'BKR-00016', N'THE MERIAM DICTIONARY FULL EDITION', N'DICTIONARY', N'DICTIONARY', N'MERIAM B DEXTER', N'2020-04-18', N'2006', N'FLOOR - A', CAST(500.00 AS Decimal(6, 2)), CAST(200.00 AS Decimal(6, 2)), N'2020-04-18', N'CURRENT USER', N'2020-04-18', N'CURRENT USER', N'', N'ACTIVE')
INSERT [dbo].[tbl_Books] ([ID], [BOOK_NO], [TITLE], [SUBJECT], [CATEGORY], [AUTHOR], [PUBLISH_DATE], [ISBN_NUMBER], [LOCATION], [BOOK_PRICE], [RENT_PRICE], [ADDED_DATE], [ADDED_BY], [MODIFIED_DATE], [MODIFIED_BY], [REMARKS], [STATUS]) VALUES (2, N'BKR-00017', N'THE MERIAM DICTIONARY FULL EDITION', N'DICTIONARY', N'DICTIONARY', N'MERIAM B DEXTER', N'2020-04-18', N'2007', N'FLOOR - A', CAST(500.00 AS Decimal(6, 2)), CAST(200.00 AS Decimal(6, 2)), N'2020-04-18', N'CURRENT USER', N'2020-04-18', N'CURRENT USER', N'', N'ACTIVE')
INSERT [dbo].[tbl_Books] ([ID], [BOOK_NO], [TITLE], [SUBJECT], [CATEGORY], [AUTHOR], [PUBLISH_DATE], [ISBN_NUMBER], [LOCATION], [BOOK_PRICE], [RENT_PRICE], [ADDED_DATE], [ADDED_BY], [MODIFIED_DATE], [MODIFIED_BY], [REMARKS], [STATUS]) VALUES (3, N'BKR-00018', N'DISCOVERING ANCIENT TOMB', N'MYSTERY', N'HISTORY', N'VINCENT B GALLOS', N'2020-04-18', N'3002', N'FLOOR - B', CAST(600.00 AS Decimal(6, 2)), CAST(250.00 AS Decimal(6, 2)), N'2020-04-18', N'CURRENT USER', N'', N'', N'', N'ACTIVE')
INSERT [dbo].[tbl_Books] ([ID], [BOOK_NO], [TITLE], [SUBJECT], [CATEGORY], [AUTHOR], [PUBLISH_DATE], [ISBN_NUMBER], [LOCATION], [BOOK_PRICE], [RENT_PRICE], [ADDED_DATE], [ADDED_BY], [MODIFIED_DATE], [MODIFIED_BY], [REMARKS], [STATUS]) VALUES (3, N'BKR-00019', N'DISCOVERING ANCIENT TOMB', N'MYSTERY', N'HISTORY', N'VINCENT B GALLOS', N'2020-04-18', N'3003', N'FLOOR - B', CAST(600.00 AS Decimal(6, 2)), CAST(250.00 AS Decimal(6, 2)), N'2020-04-18', N'CURRENT USER', N'', N'', N'', N'ACTIVE')
INSERT [dbo].[tbl_Books] ([ID], [BOOK_NO], [TITLE], [SUBJECT], [CATEGORY], [AUTHOR], [PUBLISH_DATE], [ISBN_NUMBER], [LOCATION], [BOOK_PRICE], [RENT_PRICE], [ADDED_DATE], [ADDED_BY], [MODIFIED_DATE], [MODIFIED_BY], [REMARKS], [STATUS]) VALUES (3, N'BKR-00020', N'DISCOVERING ANCIENT TOMB', N'MYSTERY', N'HISTORY', N'VINCENT B GALLOS', N'2020-04-18', N'3004', N'FLOOR - B', CAST(600.00 AS Decimal(6, 2)), CAST(250.00 AS Decimal(6, 2)), N'2020-04-18', N'CURRENT USER', N'', N'', N'', N'ACTIVE')
INSERT [dbo].[tbl_Books] ([ID], [BOOK_NO], [TITLE], [SUBJECT], [CATEGORY], [AUTHOR], [PUBLISH_DATE], [ISBN_NUMBER], [LOCATION], [BOOK_PRICE], [RENT_PRICE], [ADDED_DATE], [ADDED_BY], [MODIFIED_DATE], [MODIFIED_BY], [REMARKS], [STATUS]) VALUES (3, N'BKR-00021', N'DISCOVERING ANCIENT TOMB', N'MYSTERY', N'HISTORY', N'VINCENT B GALLOS', N'2020-04-18', N'3005', N'FLOOR - B', CAST(600.00 AS Decimal(6, 2)), CAST(250.00 AS Decimal(6, 2)), N'2020-04-18', N'CURRENT USER', N'', N'', N'', N'ACTIVE')
INSERT [dbo].[tbl_Books] ([ID], [BOOK_NO], [TITLE], [SUBJECT], [CATEGORY], [AUTHOR], [PUBLISH_DATE], [ISBN_NUMBER], [LOCATION], [BOOK_PRICE], [RENT_PRICE], [ADDED_DATE], [ADDED_BY], [MODIFIED_DATE], [MODIFIED_BY], [REMARKS], [STATUS]) VALUES (3, N'BKR-00022', N'DISCOVERING ANCIENT TOMB', N'MYSTERY', N'HISTORY', N'VINCENT B GALLOS', N'2020-04-18', N'3006', N'FLOOR - B', CAST(600.00 AS Decimal(6, 2)), CAST(250.00 AS Decimal(6, 2)), N'2020-04-18', N'CURRENT USER', N'', N'', N'', N'ACTIVE')
INSERT [dbo].[tbl_Books] ([ID], [BOOK_NO], [TITLE], [SUBJECT], [CATEGORY], [AUTHOR], [PUBLISH_DATE], [ISBN_NUMBER], [LOCATION], [BOOK_PRICE], [RENT_PRICE], [ADDED_DATE], [ADDED_BY], [MODIFIED_DATE], [MODIFIED_BY], [REMARKS], [STATUS]) VALUES (3, N'BKR-00023', N'DISCOVERING ANCIENT TOMB', N'MYSTERY', N'HISTORY', N'VINCENT B GALLOS', N'2020-04-18', N'3007', N'FLOOR - B', CAST(600.00 AS Decimal(6, 2)), CAST(250.00 AS Decimal(6, 2)), N'2020-04-18', N'CURRENT USER', N'', N'', N'', N'ACTIVE')
INSERT [dbo].[tbl_Books] ([ID], [BOOK_NO], [TITLE], [SUBJECT], [CATEGORY], [AUTHOR], [PUBLISH_DATE], [ISBN_NUMBER], [LOCATION], [BOOK_PRICE], [RENT_PRICE], [ADDED_DATE], [ADDED_BY], [MODIFIED_DATE], [MODIFIED_BY], [REMARKS], [STATUS]) VALUES (3, N'BKR-00024', N'DISCOVERING ANCIENT TOMB', N'MYSTERY', N'HISTORY', N'VINCENT B GALLOS', N'2020-04-18', N'3008', N'FLOOR - B', CAST(600.00 AS Decimal(6, 2)), CAST(250.00 AS Decimal(6, 2)), N'2020-04-18', N'CURRENT USER', N'', N'', N'', N'ACTIVE')
INSERT [dbo].[tbl_Books] ([ID], [BOOK_NO], [TITLE], [SUBJECT], [CATEGORY], [AUTHOR], [PUBLISH_DATE], [ISBN_NUMBER], [LOCATION], [BOOK_PRICE], [RENT_PRICE], [ADDED_DATE], [ADDED_BY], [MODIFIED_DATE], [MODIFIED_BY], [REMARKS], [STATUS]) VALUES (3, N'BKR-00025', N'DISCOVERING ANCIENT TOMB', N'MYSTERY', N'HISTORY', N'VINCENT B GALLOS', N'2020-04-18', N'3009', N'FLOOR - B', CAST(600.00 AS Decimal(6, 2)), CAST(250.00 AS Decimal(6, 2)), N'2020-04-18', N'CURRENT USER', N'', N'', N'', N'ACTIVE')
INSERT [dbo].[tbl_Books] ([ID], [BOOK_NO], [TITLE], [SUBJECT], [CATEGORY], [AUTHOR], [PUBLISH_DATE], [ISBN_NUMBER], [LOCATION], [BOOK_PRICE], [RENT_PRICE], [ADDED_DATE], [ADDED_BY], [MODIFIED_DATE], [MODIFIED_BY], [REMARKS], [STATUS]) VALUES (3, N'BKR-00026', N'DISCOVERING ANCIENT TOMB', N'MYSTERY', N'HISTORY', N'VINCENT B GALLOS', N'2020-04-18', N'3010', N'FLOOR - B', CAST(600.00 AS Decimal(6, 2)), CAST(250.00 AS Decimal(6, 2)), N'2020-04-18', N'CURRENT USER', N'', N'', N'', N'ACTIVE')
INSERT [dbo].[tbl_Books] ([ID], [BOOK_NO], [TITLE], [SUBJECT], [CATEGORY], [AUTHOR], [PUBLISH_DATE], [ISBN_NUMBER], [LOCATION], [BOOK_PRICE], [RENT_PRICE], [ADDED_DATE], [ADDED_BY], [MODIFIED_DATE], [MODIFIED_BY], [REMARKS], [STATUS]) VALUES (4, N'BKR-00027', N'THE PERFECTIONIST', N'MYTH', N'FICTION', N'VINCENT B GALLOS', N'2020-04-18', N'4001', N'FLOOR - B', CAST(550.00 AS Decimal(6, 2)), CAST(200.00 AS Decimal(6, 2)), N'2020-04-18', N'CURRENT USER', N'', N'', N'', N'ACTIVE')
INSERT [dbo].[tbl_Books] ([ID], [BOOK_NO], [TITLE], [SUBJECT], [CATEGORY], [AUTHOR], [PUBLISH_DATE], [ISBN_NUMBER], [LOCATION], [BOOK_PRICE], [RENT_PRICE], [ADDED_DATE], [ADDED_BY], [MODIFIED_DATE], [MODIFIED_BY], [REMARKS], [STATUS]) VALUES (4, N'BKR-00028', N'THE PERFECTIONIST', N'MYTH', N'FICTION', N'VINCENT B GALLOS', N'2020-04-18', N'4002', N'FLOOR - B', CAST(550.00 AS Decimal(6, 2)), CAST(200.00 AS Decimal(6, 2)), N'2020-04-18', N'CURRENT USER', N'', N'', N'', N'ACTIVE')
INSERT [dbo].[tbl_Books] ([ID], [BOOK_NO], [TITLE], [SUBJECT], [CATEGORY], [AUTHOR], [PUBLISH_DATE], [ISBN_NUMBER], [LOCATION], [BOOK_PRICE], [RENT_PRICE], [ADDED_DATE], [ADDED_BY], [MODIFIED_DATE], [MODIFIED_BY], [REMARKS], [STATUS]) VALUES (4, N'BKR-00029', N'THE PERFECTIONIST', N'MYTH', N'FICTION', N'VINCENT B GALLOS', N'2020-04-18', N'4003', N'FLOOR - B', CAST(550.00 AS Decimal(6, 2)), CAST(200.00 AS Decimal(6, 2)), N'2020-04-18', N'CURRENT USER', N'', N'', N'', N'ACTIVE')
INSERT [dbo].[tbl_Books] ([ID], [BOOK_NO], [TITLE], [SUBJECT], [CATEGORY], [AUTHOR], [PUBLISH_DATE], [ISBN_NUMBER], [LOCATION], [BOOK_PRICE], [RENT_PRICE], [ADDED_DATE], [ADDED_BY], [MODIFIED_DATE], [MODIFIED_BY], [REMARKS], [STATUS]) VALUES (4, N'BKR-00030', N'THE PERFECTIONIST', N'MYTH', N'FICTION', N'VINCENT B GALLOS', N'2020-04-18', N'4004', N'FLOOR - B', CAST(550.00 AS Decimal(6, 2)), CAST(200.00 AS Decimal(6, 2)), N'2020-04-18', N'CURRENT USER', N'', N'', N'', N'ACTIVE')
INSERT [dbo].[tbl_Books] ([ID], [BOOK_NO], [TITLE], [SUBJECT], [CATEGORY], [AUTHOR], [PUBLISH_DATE], [ISBN_NUMBER], [LOCATION], [BOOK_PRICE], [RENT_PRICE], [ADDED_DATE], [ADDED_BY], [MODIFIED_DATE], [MODIFIED_BY], [REMARKS], [STATUS]) VALUES (4, N'BKR-00031', N'THE PERFECTIONIST', N'MYTH', N'FICTION', N'VINCENT B GALLOS', N'2020-04-18', N'4005', N'FLOOR - B', CAST(550.00 AS Decimal(6, 2)), CAST(200.00 AS Decimal(6, 2)), N'2020-04-18', N'CURRENT USER', N'', N'', N'', N'ACTIVE')
INSERT [dbo].[tbl_Books] ([ID], [BOOK_NO], [TITLE], [SUBJECT], [CATEGORY], [AUTHOR], [PUBLISH_DATE], [ISBN_NUMBER], [LOCATION], [BOOK_PRICE], [RENT_PRICE], [ADDED_DATE], [ADDED_BY], [MODIFIED_DATE], [MODIFIED_BY], [REMARKS], [STATUS]) VALUES (4, N'BKR-00032', N'THE PERFECTIONIST', N'MYTH', N'FICTION', N'VINCENT B GALLOS', N'2020-04-18', N'4006', N'FLOOR - B', CAST(550.00 AS Decimal(6, 2)), CAST(200.00 AS Decimal(6, 2)), N'2020-04-18', N'CURRENT USER', N'', N'', N'', N'ACTIVE')
INSERT [dbo].[tbl_Books] ([ID], [BOOK_NO], [TITLE], [SUBJECT], [CATEGORY], [AUTHOR], [PUBLISH_DATE], [ISBN_NUMBER], [LOCATION], [BOOK_PRICE], [RENT_PRICE], [ADDED_DATE], [ADDED_BY], [MODIFIED_DATE], [MODIFIED_BY], [REMARKS], [STATUS]) VALUES (4, N'BKR-00033', N'THE PERFECTIONIST', N'MYTH', N'FICTION', N'VINCENT B GALLOS', N'2020-04-18', N'4007', N'FLOOR - B', CAST(550.00 AS Decimal(6, 2)), CAST(200.00 AS Decimal(6, 2)), N'2020-04-18', N'CURRENT USER', N'', N'', N'', N'ACTIVE')
INSERT [dbo].[tbl_Books] ([ID], [BOOK_NO], [TITLE], [SUBJECT], [CATEGORY], [AUTHOR], [PUBLISH_DATE], [ISBN_NUMBER], [LOCATION], [BOOK_PRICE], [RENT_PRICE], [ADDED_DATE], [ADDED_BY], [MODIFIED_DATE], [MODIFIED_BY], [REMARKS], [STATUS]) VALUES (4, N'BKR-00034', N'THE PERFECTIONIST', N'MYTH', N'FICTION', N'VINCENT B GALLOS', N'2020-04-18', N'4008', N'FLOOR - B', CAST(550.00 AS Decimal(6, 2)), CAST(200.00 AS Decimal(6, 2)), N'2020-04-18', N'CURRENT USER', N'', N'', N'', N'ACTIVE')
INSERT [dbo].[tbl_Books] ([ID], [BOOK_NO], [TITLE], [SUBJECT], [CATEGORY], [AUTHOR], [PUBLISH_DATE], [ISBN_NUMBER], [LOCATION], [BOOK_PRICE], [RENT_PRICE], [ADDED_DATE], [ADDED_BY], [MODIFIED_DATE], [MODIFIED_BY], [REMARKS], [STATUS]) VALUES (4, N'BKR-00035', N'THE PERFECTIONIST', N'MYTH', N'FICTION', N'VINCENT B GALLOS', N'2020-04-18', N'4009', N'FLOOR - B', CAST(550.00 AS Decimal(6, 2)), CAST(200.00 AS Decimal(6, 2)), N'2020-04-18', N'CURRENT USER', N'', N'', N'', N'ACTIVE')
INSERT [dbo].[tbl_Books] ([ID], [BOOK_NO], [TITLE], [SUBJECT], [CATEGORY], [AUTHOR], [PUBLISH_DATE], [ISBN_NUMBER], [LOCATION], [BOOK_PRICE], [RENT_PRICE], [ADDED_DATE], [ADDED_BY], [MODIFIED_DATE], [MODIFIED_BY], [REMARKS], [STATUS]) VALUES (5, N'BKR-00036', N'INTRO TO PROGRAMMING (ASP.NET MVC)', N'PROGRAMMING', N'PROGRAMMING', N'LYNDA D COM', N'2020-04-18', N'5001', N'FLOOR - C', CAST(950.00 AS Decimal(6, 2)), CAST(300.00 AS Decimal(6, 2)), N'2020-04-18', N'CURRENT USER', N'2020-04-18', N'CURRENT USER', N'', N'ACTIVE')
INSERT [dbo].[tbl_Books] ([ID], [BOOK_NO], [TITLE], [SUBJECT], [CATEGORY], [AUTHOR], [PUBLISH_DATE], [ISBN_NUMBER], [LOCATION], [BOOK_PRICE], [RENT_PRICE], [ADDED_DATE], [ADDED_BY], [MODIFIED_DATE], [MODIFIED_BY], [REMARKS], [STATUS]) VALUES (5, N'BKR-00037', N'INTRO TO PROGRAMMING (ASP.NET MVC)', N'PROGRAMMING', N'PROGRAMMING', N'LYNDA D COM', N'2020-04-18', N'5002', N'FLOOR - C', CAST(950.00 AS Decimal(6, 2)), CAST(300.00 AS Decimal(6, 2)), N'2020-04-18', N'CURRENT USER', N'2020-04-18', N'CURRENT USER', N'', N'ACTIVE')
INSERT [dbo].[tbl_Books] ([ID], [BOOK_NO], [TITLE], [SUBJECT], [CATEGORY], [AUTHOR], [PUBLISH_DATE], [ISBN_NUMBER], [LOCATION], [BOOK_PRICE], [RENT_PRICE], [ADDED_DATE], [ADDED_BY], [MODIFIED_DATE], [MODIFIED_BY], [REMARKS], [STATUS]) VALUES (5, N'BKR-00038', N'INTRO TO PROGRAMMING (ASP.NET MVC)', N'PROGRAMMING', N'PROGRAMMING', N'LYNDA D COM', N'2020-04-18', N'5003', N'FLOOR - C', CAST(950.00 AS Decimal(6, 2)), CAST(300.00 AS Decimal(6, 2)), N'2020-04-18', N'CURRENT USER', N'2020-04-18', N'CURRENT USER', N'', N'ACTIVE')
INSERT [dbo].[tbl_Books] ([ID], [BOOK_NO], [TITLE], [SUBJECT], [CATEGORY], [AUTHOR], [PUBLISH_DATE], [ISBN_NUMBER], [LOCATION], [BOOK_PRICE], [RENT_PRICE], [ADDED_DATE], [ADDED_BY], [MODIFIED_DATE], [MODIFIED_BY], [REMARKS], [STATUS]) VALUES (5, N'BKR-00039', N'INTRO TO PROGRAMMING (ASP.NET MVC)', N'PROGRAMMING', N'PROGRAMMING', N'LYNDA D COM', N'2020-04-18', N'5004', N'FLOOR - C', CAST(950.00 AS Decimal(6, 2)), CAST(300.00 AS Decimal(6, 2)), N'2020-04-18', N'CURRENT USER', N'2020-04-18', N'CURRENT USER', N'', N'ACTIVE')
INSERT [dbo].[tbl_Books] ([ID], [BOOK_NO], [TITLE], [SUBJECT], [CATEGORY], [AUTHOR], [PUBLISH_DATE], [ISBN_NUMBER], [LOCATION], [BOOK_PRICE], [RENT_PRICE], [ADDED_DATE], [ADDED_BY], [MODIFIED_DATE], [MODIFIED_BY], [REMARKS], [STATUS]) VALUES (5, N'BKR-00040', N'INTRO TO PROGRAMMING (ASP.NET MVC)', N'PROGRAMMING', N'PROGRAMMING', N'LYNDA D COM', N'2020-04-18', N'5005', N'FLOOR - C', CAST(950.00 AS Decimal(6, 2)), CAST(300.00 AS Decimal(6, 2)), N'2020-04-18', N'CURRENT USER', N'2020-04-18', N'CURRENT USER', N'', N'ACTIVE')
INSERT [dbo].[tbl_Books] ([ID], [BOOK_NO], [TITLE], [SUBJECT], [CATEGORY], [AUTHOR], [PUBLISH_DATE], [ISBN_NUMBER], [LOCATION], [BOOK_PRICE], [RENT_PRICE], [ADDED_DATE], [ADDED_BY], [MODIFIED_DATE], [MODIFIED_BY], [REMARKS], [STATUS]) VALUES (5, N'BKR-00041', N'INTRO TO PROGRAMMING (ASP.NET MVC)', N'PROGRAMMING', N'PROGRAMMING', N'LYNDA D COM', N'2020-04-18', N'5006', N'FLOOR - C', CAST(950.00 AS Decimal(6, 2)), CAST(300.00 AS Decimal(6, 2)), N'2020-04-18', N'CURRENT USER', N'2020-04-18', N'CURRENT USER', N'', N'ACTIVE')
INSERT [dbo].[tbl_Books] ([ID], [BOOK_NO], [TITLE], [SUBJECT], [CATEGORY], [AUTHOR], [PUBLISH_DATE], [ISBN_NUMBER], [LOCATION], [BOOK_PRICE], [RENT_PRICE], [ADDED_DATE], [ADDED_BY], [MODIFIED_DATE], [MODIFIED_BY], [REMARKS], [STATUS]) VALUES (5, N'BKR-00042', N'INTRO TO PROGRAMMING (ASP.NET MVC)', N'PROGRAMMING', N'PROGRAMMING', N'LYNDA D COM', N'2020-04-18', N'5007', N'FLOOR - C', CAST(950.00 AS Decimal(6, 2)), CAST(300.00 AS Decimal(6, 2)), N'2020-04-18', N'CURRENT USER', N'2020-04-18', N'CURRENT USER', N'', N'ACTIVE')
INSERT [dbo].[tbl_Books] ([ID], [BOOK_NO], [TITLE], [SUBJECT], [CATEGORY], [AUTHOR], [PUBLISH_DATE], [ISBN_NUMBER], [LOCATION], [BOOK_PRICE], [RENT_PRICE], [ADDED_DATE], [ADDED_BY], [MODIFIED_DATE], [MODIFIED_BY], [REMARKS], [STATUS]) VALUES (5, N'BKR-00043', N'INTRO TO PROGRAMMING (ASP.NET MVC)', N'PROGRAMMING', N'PROGRAMMING', N'LYNDA D COM', N'2020-04-18', N'5008', N'FLOOR - C', CAST(950.00 AS Decimal(6, 2)), CAST(300.00 AS Decimal(6, 2)), N'2020-04-18', N'CURRENT USER', N'2020-04-18', N'CURRENT USER', N'', N'ACTIVE')
INSERT [dbo].[tbl_Books] ([ID], [BOOK_NO], [TITLE], [SUBJECT], [CATEGORY], [AUTHOR], [PUBLISH_DATE], [ISBN_NUMBER], [LOCATION], [BOOK_PRICE], [RENT_PRICE], [ADDED_DATE], [ADDED_BY], [MODIFIED_DATE], [MODIFIED_BY], [REMARKS], [STATUS]) VALUES (5, N'BKR-00044', N'INTRO TO PROGRAMMING (ASP.NET MVC)', N'PROGRAMMING', N'PROGRAMMING', N'LYNDA D COM', N'2020-04-18', N'5009', N'FLOOR - C', CAST(950.00 AS Decimal(6, 2)), CAST(300.00 AS Decimal(6, 2)), N'2020-04-18', N'CURRENT USER', N'2020-04-18', N'CURRENT USER', N'', N'ACTIVE')
INSERT [dbo].[tbl_Books] ([ID], [BOOK_NO], [TITLE], [SUBJECT], [CATEGORY], [AUTHOR], [PUBLISH_DATE], [ISBN_NUMBER], [LOCATION], [BOOK_PRICE], [RENT_PRICE], [ADDED_DATE], [ADDED_BY], [MODIFIED_DATE], [MODIFIED_BY], [REMARKS], [STATUS]) VALUES (5, N'BKR-00045', N'INTRO TO PROGRAMMING (ASP.NET MVC)', N'PROGRAMMING', N'PROGRAMMING', N'LYNDA D COM', N'2020-04-18', N'5010', N'FLOOR - C', CAST(950.00 AS Decimal(6, 2)), CAST(300.00 AS Decimal(6, 2)), N'2020-04-18', N'CURRENT USER', N'2020-04-18', N'CURRENT USER', N'', N'ACTIVE')
INSERT [dbo].[tbl_Books] ([ID], [BOOK_NO], [TITLE], [SUBJECT], [CATEGORY], [AUTHOR], [PUBLISH_DATE], [ISBN_NUMBER], [LOCATION], [BOOK_PRICE], [RENT_PRICE], [ADDED_DATE], [ADDED_BY], [MODIFIED_DATE], [MODIFIED_BY], [REMARKS], [STATUS]) VALUES (6, N'BKR-00046', N'WORLD WAR I UNTOLD STORIES', N'WAR', N'HISTORY', N'JOHN  P CASSENO', N'2020-04-18', N'6001', N'FLOOR - C', CAST(500.00 AS Decimal(6, 2)), CAST(200.00 AS Decimal(6, 2)), N'2020-04-18', N'CURRENT USER', N'', N'', N'', N'ACTIVE')
INSERT [dbo].[tbl_Books] ([ID], [BOOK_NO], [TITLE], [SUBJECT], [CATEGORY], [AUTHOR], [PUBLISH_DATE], [ISBN_NUMBER], [LOCATION], [BOOK_PRICE], [RENT_PRICE], [ADDED_DATE], [ADDED_BY], [MODIFIED_DATE], [MODIFIED_BY], [REMARKS], [STATUS]) VALUES (6, N'BKR-00047', N'WORLD WAR I UNTOLD STORIES', N'WAR', N'HISTORY', N'JOHN  P CASSENO', N'2020-04-18', N'6002', N'FLOOR - C', CAST(500.00 AS Decimal(6, 2)), CAST(200.00 AS Decimal(6, 2)), N'2020-04-18', N'CURRENT USER', N'', N'', N'', N'ACTIVE')
INSERT [dbo].[tbl_Books] ([ID], [BOOK_NO], [TITLE], [SUBJECT], [CATEGORY], [AUTHOR], [PUBLISH_DATE], [ISBN_NUMBER], [LOCATION], [BOOK_PRICE], [RENT_PRICE], [ADDED_DATE], [ADDED_BY], [MODIFIED_DATE], [MODIFIED_BY], [REMARKS], [STATUS]) VALUES (6, N'BKR-00048', N'WORLD WAR I UNTOLD STORIES', N'WAR', N'HISTORY', N'JOHN  P CASSENO', N'2020-04-18', N'6003', N'FLOOR - C', CAST(500.00 AS Decimal(6, 2)), CAST(200.00 AS Decimal(6, 2)), N'2020-04-18', N'CURRENT USER', N'', N'', N'', N'ACTIVE')
INSERT [dbo].[tbl_Books] ([ID], [BOOK_NO], [TITLE], [SUBJECT], [CATEGORY], [AUTHOR], [PUBLISH_DATE], [ISBN_NUMBER], [LOCATION], [BOOK_PRICE], [RENT_PRICE], [ADDED_DATE], [ADDED_BY], [MODIFIED_DATE], [MODIFIED_BY], [REMARKS], [STATUS]) VALUES (6, N'BKR-00049', N'WORLD WAR I UNTOLD STORIES', N'WAR', N'HISTORY', N'JOHN  P CASSENO', N'2020-04-18', N'6004', N'FLOOR - C', CAST(500.00 AS Decimal(6, 2)), CAST(200.00 AS Decimal(6, 2)), N'2020-04-18', N'CURRENT USER', N'', N'', N'', N'ACTIVE')
INSERT [dbo].[tbl_Books] ([ID], [BOOK_NO], [TITLE], [SUBJECT], [CATEGORY], [AUTHOR], [PUBLISH_DATE], [ISBN_NUMBER], [LOCATION], [BOOK_PRICE], [RENT_PRICE], [ADDED_DATE], [ADDED_BY], [MODIFIED_DATE], [MODIFIED_BY], [REMARKS], [STATUS]) VALUES (6, N'BKR-00050', N'WORLD WAR I UNTOLD STORIES', N'WAR', N'HISTORY', N'JOHN  P CASSENO', N'2020-04-18', N'6005', N'FLOOR - C', CAST(500.00 AS Decimal(6, 2)), CAST(200.00 AS Decimal(6, 2)), N'2020-04-18', N'CURRENT USER', N'', N'', N'', N'ACTIVE')
INSERT [dbo].[tbl_Books] ([ID], [BOOK_NO], [TITLE], [SUBJECT], [CATEGORY], [AUTHOR], [PUBLISH_DATE], [ISBN_NUMBER], [LOCATION], [BOOK_PRICE], [RENT_PRICE], [ADDED_DATE], [ADDED_BY], [MODIFIED_DATE], [MODIFIED_BY], [REMARKS], [STATUS]) VALUES (6, N'BKR-00051', N'WORLD WAR I UNTOLD STORIES', N'WAR', N'HISTORY', N'JOHN  P CASSENO', N'2020-04-18', N'6006', N'FLOOR - C', CAST(500.00 AS Decimal(6, 2)), CAST(200.00 AS Decimal(6, 2)), N'2020-04-18', N'CURRENT USER', N'', N'', N'', N'ACTIVE')
INSERT [dbo].[tbl_Books] ([ID], [BOOK_NO], [TITLE], [SUBJECT], [CATEGORY], [AUTHOR], [PUBLISH_DATE], [ISBN_NUMBER], [LOCATION], [BOOK_PRICE], [RENT_PRICE], [ADDED_DATE], [ADDED_BY], [MODIFIED_DATE], [MODIFIED_BY], [REMARKS], [STATUS]) VALUES (6, N'BKR-00052', N'WORLD WAR I UNTOLD STORIES', N'WAR', N'HISTORY', N'JOHN  P CASSENO', N'2020-04-18', N'6007', N'FLOOR - C', CAST(500.00 AS Decimal(6, 2)), CAST(200.00 AS Decimal(6, 2)), N'2020-04-18', N'CURRENT USER', N'', N'', N'', N'ACTIVE')
INSERT [dbo].[tbl_Books] ([ID], [BOOK_NO], [TITLE], [SUBJECT], [CATEGORY], [AUTHOR], [PUBLISH_DATE], [ISBN_NUMBER], [LOCATION], [BOOK_PRICE], [RENT_PRICE], [ADDED_DATE], [ADDED_BY], [MODIFIED_DATE], [MODIFIED_BY], [REMARKS], [STATUS]) VALUES (7, N'BKR-00053', N'COVID-2019', N'VIRUS', N'GENERAL SCIENCE', N'LEONARD A AMOR', N'2020-04-18', N'7001', N'FLOOR - B', CAST(600.00 AS Decimal(6, 2)), CAST(150.00 AS Decimal(6, 2)), N'2020-04-18', N'CURRENT USER', N'', N'', N'', N'ACTIVE')
INSERT [dbo].[tbl_Books] ([ID], [BOOK_NO], [TITLE], [SUBJECT], [CATEGORY], [AUTHOR], [PUBLISH_DATE], [ISBN_NUMBER], [LOCATION], [BOOK_PRICE], [RENT_PRICE], [ADDED_DATE], [ADDED_BY], [MODIFIED_DATE], [MODIFIED_BY], [REMARKS], [STATUS]) VALUES (7, N'BKR-00054', N'COVID-2019', N'VIRUS', N'GENERAL SCIENCE', N'LEONARD A AMOR', N'2020-04-18', N'7002', N'FLOOR - B', CAST(600.00 AS Decimal(6, 2)), CAST(150.00 AS Decimal(6, 2)), N'2020-04-18', N'CURRENT USER', N'', N'', N'', N'ACTIVE')
INSERT [dbo].[tbl_Books] ([ID], [BOOK_NO], [TITLE], [SUBJECT], [CATEGORY], [AUTHOR], [PUBLISH_DATE], [ISBN_NUMBER], [LOCATION], [BOOK_PRICE], [RENT_PRICE], [ADDED_DATE], [ADDED_BY], [MODIFIED_DATE], [MODIFIED_BY], [REMARKS], [STATUS]) VALUES (7, N'BKR-00055', N'COVID-2019', N'VIRUS', N'GENERAL SCIENCE', N'LEONARD A AMOR', N'2020-04-18', N'7003', N'FLOOR - B', CAST(600.00 AS Decimal(6, 2)), CAST(150.00 AS Decimal(6, 2)), N'2020-04-18', N'CURRENT USER', N'', N'', N'', N'ACTIVE')
INSERT [dbo].[tbl_Books] ([ID], [BOOK_NO], [TITLE], [SUBJECT], [CATEGORY], [AUTHOR], [PUBLISH_DATE], [ISBN_NUMBER], [LOCATION], [BOOK_PRICE], [RENT_PRICE], [ADDED_DATE], [ADDED_BY], [MODIFIED_DATE], [MODIFIED_BY], [REMARKS], [STATUS]) VALUES (7, N'BKR-00056', N'COVID-2019', N'VIRUS', N'GENERAL SCIENCE', N'LEONARD A AMOR', N'2020-04-18', N'7004', N'FLOOR - B', CAST(600.00 AS Decimal(6, 2)), CAST(150.00 AS Decimal(6, 2)), N'2020-04-18', N'CURRENT USER', N'', N'', N'', N'ACTIVE')
INSERT [dbo].[tbl_Books] ([ID], [BOOK_NO], [TITLE], [SUBJECT], [CATEGORY], [AUTHOR], [PUBLISH_DATE], [ISBN_NUMBER], [LOCATION], [BOOK_PRICE], [RENT_PRICE], [ADDED_DATE], [ADDED_BY], [MODIFIED_DATE], [MODIFIED_BY], [REMARKS], [STATUS]) VALUES (7, N'BKR-00057', N'COVID-2019', N'VIRUS', N'GENERAL SCIENCE', N'LEONARD A AMOR', N'2020-04-18', N'7005', N'FLOOR - B', CAST(600.00 AS Decimal(6, 2)), CAST(150.00 AS Decimal(6, 2)), N'2020-04-18', N'CURRENT USER', N'', N'', N'', N'ACTIVE')
INSERT [dbo].[tbl_Books] ([ID], [BOOK_NO], [TITLE], [SUBJECT], [CATEGORY], [AUTHOR], [PUBLISH_DATE], [ISBN_NUMBER], [LOCATION], [BOOK_PRICE], [RENT_PRICE], [ADDED_DATE], [ADDED_BY], [MODIFIED_DATE], [MODIFIED_BY], [REMARKS], [STATUS]) VALUES (7, N'BKR-00058', N'COVID-2019', N'VIRUS', N'GENERAL SCIENCE', N'LEONARD A AMOR', N'2020-04-18', N'7006', N'FLOOR - B', CAST(600.00 AS Decimal(6, 2)), CAST(150.00 AS Decimal(6, 2)), N'2020-04-18', N'CURRENT USER', N'', N'', N'', N'ACTIVE')
INSERT [dbo].[tbl_Books] ([ID], [BOOK_NO], [TITLE], [SUBJECT], [CATEGORY], [AUTHOR], [PUBLISH_DATE], [ISBN_NUMBER], [LOCATION], [BOOK_PRICE], [RENT_PRICE], [ADDED_DATE], [ADDED_BY], [MODIFIED_DATE], [MODIFIED_BY], [REMARKS], [STATUS]) VALUES (1, N'BKR-00059', N'INTRO TO PROGRAMMING (C#.NET)', N'PROGRAMMING', N'PROGRAMMING', N'LYNDA D COM', N'2020-04-18', N'1011', N'FLOOR - A', CAST(800.00 AS Decimal(6, 2)), CAST(150.00 AS Decimal(6, 2)), N'2020-04-18', N'CURRENT USER', N'2020-04-19', N'admin', N'', N'ACTIVE')
/****** Object:  Table [dbo].[tbl_Author]    Script Date: 04/20/2020 22:31:50 ******/
SET ANSI_NULLS ON
GO
SET QUOTED_IDENTIFIER ON
GO
CREATE TABLE [dbo].[tbl_Author](
	[ID] [bigint] IDENTITY(1,1) NOT NULL,
	[FIRST_NAME] [nvarchar](50) NOT NULL,
	[MIDDLE_NAME] [nvarchar](50) NULL,
	[LAST_NAME] [nvarchar](50) NULL,
	[STATUS] [nchar](10) NULL,
 CONSTRAINT [PK_tbl_Author] PRIMARY KEY CLUSTERED 
(
	[ID] ASC
)WITH (PAD_INDEX  = OFF, STATISTICS_NORECOMPUTE  = OFF, IGNORE_DUP_KEY = OFF, ALLOW_ROW_LOCKS  = ON, ALLOW_PAGE_LOCKS  = ON) ON [PRIMARY]
) ON [PRIMARY]
GO
SET IDENTITY_INSERT [dbo].[tbl_Author] ON
INSERT [dbo].[tbl_Author] ([ID], [FIRST_NAME], [MIDDLE_NAME], [LAST_NAME], [STATUS]) VALUES (7, N'LEONARD', N'A', N'AMOR', N'ACTIVE    ')
INSERT [dbo].[tbl_Author] ([ID], [FIRST_NAME], [MIDDLE_NAME], [LAST_NAME], [STATUS]) VALUES (8, N'VINCENT', N'B', N'GALLOS', N'ACTIVE    ')
INSERT [dbo].[tbl_Author] ([ID], [FIRST_NAME], [MIDDLE_NAME], [LAST_NAME], [STATUS]) VALUES (9, N'LYNDA', N'D', N'COM', N'ACTIVE    ')
INSERT [dbo].[tbl_Author] ([ID], [FIRST_NAME], [MIDDLE_NAME], [LAST_NAME], [STATUS]) VALUES (10, N'MERIAM', N'B', N'DEXTER', N'ACTIVE    ')
INSERT [dbo].[tbl_Author] ([ID], [FIRST_NAME], [MIDDLE_NAME], [LAST_NAME], [STATUS]) VALUES (11, N'JOHN ', N'P', N'CASSENO', N'ACTIVE    ')
INSERT [dbo].[tbl_Author] ([ID], [FIRST_NAME], [MIDDLE_NAME], [LAST_NAME], [STATUS]) VALUES (12, N'MAXWELL', N'B', N'AURORA', N'ACTIVE    ')
SET IDENTITY_INSERT [dbo].[tbl_Author] OFF
/****** Object:  StoredProcedure [dbo].[SP_UPDATE_USERACCESS]    Script Date: 04/20/2020 22:32:03 ******/
SET ANSI_NULLS ON
GO
SET QUOTED_IDENTIFIER ON
GO
CREATE PROCEDURE [dbo].[SP_UPDATE_USERACCESS]

@BOOK_DETAILS			BIT,
@BOOK_ENTRY				BIT, 
@BOOK_AUTHOR			BIT,
@BOOK_CATEGORY			BIT,
@BOOK_LOCATION			BIT,
@BOOK_POLICY			BIT,
@BORROWER_DETAILS		BIT,
@BORROWER_ENTRY			BIT,
@BORROW_BOOK			BIT,
@RETURN_BOOK			BIT,
@PAY_BOOK				BIT,
@BORROWER_REQUEST		BIT,
@USER_ACCOUNT			BIT,
@USER_ACCESS			BIT,
@USER_ROLE				BIT,
@IMPORT_EXPORT			BIT,
@RBOOK_LIST				BIT,
@RBORROWER_LIST			BIT,
@ROLE				NVARCHAR(15)

AS

UPDATE TBL_USERACCESS
SET		BOOKDETAILS		= @BOOK_DETAILS, BOOKENTRY	= @BOOK_ENTRY, BOOKAUTHOR = @BOOK_AUTHOR,
		BOOKCATEGORY	= @BOOK_CATEGORY, BOOKLOCATION = @BOOK_LOCATION, BOOKPOLICY = @BOOK_POLICY,
		BORROWERDETAILS = @BORROWER_DETAILS, BORROWERENTRY = @BORROWER_ENTRY, BORROWBOOK = @BORROW_BOOK,
		RETURNBOOK		= @RETURN_BOOK, PAYBOOK = @PAY_BOOK, BORROWERREQUEST = @BORROWER_REQUEST,
		USERACCOUNT		= @USER_ACCOUNT, USERACCESS = @USER_ACCESS,USERROLE = @USER_ROLE, IMPORTEXPORT = @IMPORT_EXPORT,
		RBOOKLIST		= @RBOOK_LIST, RBORROWERLIST = @RBORROWER_LIST
		WHERE [ROLE]  = @ROLE
GO
/****** Object:  StoredProcedure [dbo].[SP_UPDATE_BORROWER]    Script Date: 04/20/2020 22:32:03 ******/
SET ANSI_NULLS ON
GO
SET QUOTED_IDENTIFIER ON
GO
CREATE PROCEDURE [dbo].[SP_UPDATE_BORROWER]
	@BORROWER_ID		nvarchar(50),
	@FIRST_NAME			nvarchar(50),
	@MIDDLE_NAME		nvarchar(50),
	@LAST_NAME			nvarchar(50),
	@DOB				nvarchar(10),
	@AGE				INT,
	@CONTACT_NO			nvarchar(15),
	@ADDRESS			nvarchar(200),
	@MODIFIED_DATE		nvarchar(10),		
	@MODIFIED_BY		nvarchar(20),
	@STATUS 			nvarchar(20),
	@PROFILE_PIC		nvarchar(max)
AS

IF EXISTS(SELECT BORROWER_ID FROM TBL_BORROWER WHERE LTRIM(RTRIM(BORROWER_ID)) = @BORROWER_ID)
BEGIN
	UPDATE TBL_BORROWER 
	SET FIRST_NAME		= @FIRST_NAME,
		MIDDLE_NAME		= @MIDDLE_NAME,
		LAST_NAME		= @LAST_NAME,
		DOB				= @DOB,
		AGE				= @AGE,
		CONTACT_NO		= @CONTACT_NO,
		[ADDRESS]		= @ADDRESS,
		MODIFIED_DATE	= @MODIFIED_DATE,
		MODIFIED_BY		= @MODIFIED_BY,
		[STATUS]		= @STATUS,
		PROFILE_PIC		= @PROFILE_PIC
	WHERE LTRIM(RTRIM(BORROWER_ID)) = @BORROWER_ID
END
GO
/****** Object:  StoredProcedure [dbo].[SP_UPDATE_BOOK_DETAILS]    Script Date: 04/20/2020 22:32:03 ******/
SET ANSI_NULLS ON
GO
SET QUOTED_IDENTIFIER ON
GO
CREATE PROCEDURE [dbo].[SP_UPDATE_BOOK_DETAILS]
	@ID					int,
	@BOOK_NO			nvarchar(50),
	@TITLE				nvarchar(50),
	@SUBJECT			nvarchar(50),
	@CATEGORY			nvarchar(50),
	@AUTHOR				nvarchar(50),
	@PUBLISH_DATE		nvarchar(10),
	@LOCATION			nvarchar(50),
	@BOOK_PRICE			decimal(6,2),
	@RENT_PRICE			decimal(6,2),	
	@ISBN_NUMBER		nvarchar(50),	
	@MODIFIED_DATE		nvarchar(10),
	@MODIFIED_BY		nvarchar(50),	
	@REMARKS			nvarchar(50),
	@STATUS				nvarchar(50)
AS


BEGIN
	IF EXISTS(SELECT ID FROM TBL_BOOKS WHERE ID = @ID)
	BEGIN
		UPDATE TBL_BOOKS	SET 
								[STATUS]			= @STATUS,
								TITLE				= @TITLE,
								[SUBJECT]			= @SUBJECT,
								CATEGORY			= @CATEGORY,
								AUTHOR				= @AUTHOR,
								PUBLISH_DATE		= @PUBLISH_DATE,
								LOCATION			= @LOCATION,
								BOOK_PRICE			= @BOOK_PRICE,
								RENT_PRICE			= @RENT_PRICE,
								REMARKS				= @REMARKS,
								MODIFIED_DATE		= @MODIFIED_DATE,
								MODIFIED_BY			= @MODIFIED_BY
								WHERE ID			= @ID 									
								
	END														
END
GO
/****** Object:  StoredProcedure [dbo].[SP_UPDATE_BOOK]    Script Date: 04/20/2020 22:32:03 ******/
SET ANSI_NULLS ON
GO
SET QUOTED_IDENTIFIER ON
GO
CREATE PROCEDURE [dbo].[SP_UPDATE_BOOK]
	@ID					int,
	@BOOK_NO			nvarchar(50),
	@TITLE				nvarchar(50),
	@SUBJECT			nvarchar(50),
	@CATEGORY			nvarchar(50),
	@AUTHOR				nvarchar(50),
	@PUBLISH_DATE		nvarchar(10),
	@LOCATION			nvarchar(50),
	@BOOK_PRICE			decimal(6,2),
	@RENT_PRICE			decimal(6,2),	
	@ISBN_NUMBER		nvarchar(50),	
	@MODIFIED_DATE		nvarchar(10),
	@MODIFIED_BY		nvarchar(50),	
	@REMARKS			nvarchar(50),
	@STATUS				nvarchar(50)
AS


BEGIN
	IF EXISTS(SELECT ID FROM TBL_BOOKS WHERE ID = @ID)
	BEGIN
		UPDATE TBL_BOOKS	SET 
								[STATUS]			= @STATUS,
								TITLE				= @TITLE,
								[SUBJECT]			= @SUBJECT,
								CATEGORY			= @CATEGORY,
								AUTHOR				= @AUTHOR,
								PUBLISH_DATE		= @PUBLISH_DATE,
								LOCATION			= @LOCATION,
								BOOK_PRICE			= @BOOK_PRICE,
								RENT_PRICE			= @RENT_PRICE,
								REMARKS				= @REMARKS,
								MODIFIED_DATE		= @MODIFIED_DATE,
								MODIFIED_BY			= @MODIFIED_BY
								WHERE ID			= @ID 
								AND BOOK_NO			= @BOOK_NO
								
	END														
END
GO
/****** Object:  StoredProcedure [dbo].[SP_RETURN_BOOK]    Script Date: 04/20/2020 22:32:03 ******/
SET ANSI_NULLS ON
GO
SET QUOTED_IDENTIFIER ON
GO
CREATE PROCEDURE [dbo].[SP_RETURN_BOOK]
@BOOK_ID		NVARCHAR(50),
@BORROWER_ID	NVARCHAR(50),
@BOOK_NO		NVARCHAR(50),
@RETURN_DATE	nvarchar(10),
@RETURN_BY		nvarchar(15),
@TOTAL_AMOUNT	DECIMAL(6,2),
@REMARKS		NVARCHAR(20),
@STATUS			NVARCHAR(20)
AS			

DECLARE @TRANSACTION_NO NVARCHAR(15)

IF @TOTAL_AMOUNT <> 0
BEGIN 
	SET @TRANSACTION_NO = (SELECT TRANSACTION_NO FROM TBL_BORROWEDBOOKS WHERE BOOK_ID = @BOOK_ID
	AND BOOK_NO = @BOOK_NO AND BORROWER_ID = @BORROWER_ID AND [STATUS] = 'BORROWED')
		
	INSERT INTO TBL_PENALTIES
	SELECT @TRANSACTION_NO,@RETURN_DATE, @TOTAL_AMOUNT
END

		
IF LTRIM(RTRIM(@REMARKS)) = 'DAMAGE' OR LTRIM(RTRIM(@REMARKS)) = 'LOST'
BEGIN
	UPDATE TBL_BOOKS SET [STATUS] = 'INACTIVE',REMARKS = LTRIM(RTRIM(@REMARKS))
	WHERE ID = @BOOK_ID AND BOOK_NO = @BOOK_NO
END

UPDATE TBL_BORROWEDBOOKS			SET	[STATUS]	= @STATUS,
							RETURN_DATE     = @RETURN_DATE,
							RETURN_BY       = @RETURN_BY								
						WHERE 	BORROWER_ID = @BORROWER_ID	AND BOOK_ID	= @BOOK_ID
						AND BOOK_NO = @BOOK_NO  	
											 
GO
/****** Object:  StoredProcedure [dbo].[SP_REQUEST_BOOK]    Script Date: 04/20/2020 22:32:03 ******/
SET ANSI_NULLS ON
GO
SET QUOTED_IDENTIFIER ON
GO
CREATE PROCEDURE [dbo].[SP_REQUEST_BOOK]
@ID				NVARCHAR(50),
@BORROWER_ID	NVARCHAR(50),
@BOOK_NO		NVARCHAR(50),
@TITLE			NVARCHAR(50),
@SUBJECT		NVARCHAR(50),
@CATEGORY		NVARCHAR(50),
@AUTHOR			NVARCHAR(50),
@PUBLISH_DATE	NVARCHAR(10),
@ISBN_NUMBER	NVARCHAR(50),
@LOCATION		NVARCHAR(50),
@BOOK_PRICE		NVARCHAR(50),
@RENT_PRICE		NVARCHAR(10),
@DAYS_BORROWED	NVARCHAR(10),
@ADDED_DATE		NVARCHAR(10),
@ADDED_BY		NVARCHAR(50),
@STATUS			NVARCHAR(15)

AS

DECLARE @DUE_PENALTY		NVARCHAR(10),
		@LD_PENALTY			NVARCHAR(10)
		

SET @DUE_PENALTY = (SELECT DUE_PENALTY FROM TBL_POLICY)
SET @LD_PENALTY	 = (SELECT LOST_DAMAGE_INTEREST FROM TBL_POLICY)
		
		
		
INSERT INTO TBL_BORROWERREQUEST 
	(BOOK_ID,BORROWER_ID,BOOK_NO,TITLE,[SUBJECT],CATEGORY,AUTHOR,PUBLISH_DATE,ISBN_NUMBER,LOCATION,BOOK_PRICE,RENT_PRICE,DUE_PENALTY_INTEREST,LOST_DAMAGE_INTEREST,DAYS_BORROWED,ADDED_DATE,ADDED_BY,[STATUS])
	VALUES
	(@ID,@BORROWER_ID,@BOOK_NO,@TITLE,@SUBJECT,@CATEGORY,@AUTHOR,@PUBLISH_DATE,@ISBN_NUMBER,@LOCATION,@BOOK_PRICE,@RENT_PRICE,@DUE_PENALTY,@LD_PENALTY,@DAYS_BORROWED,@ADDED_DATE,@ADDED_BY,@STATUS)
GO
/****** Object:  StoredProcedure [dbo].[SP_INSERT_USERACCESS]    Script Date: 04/20/2020 22:32:03 ******/
SET ANSI_NULLS ON
GO
SET QUOTED_IDENTIFIER ON
GO
CREATE PROCEDURE [dbo].[SP_INSERT_USERACCESS]

@BOOK_DETAILS			BIT,
@BOOK_ENTRY				BIT, 
@BOOK_AUTHOR			BIT,
@BOOK_CATEGORY			BIT,
@BOOK_LOCATION			BIT,
@BOOK_POLICY			BIT,
@BORROWER_DETAILS		BIT,
@BORROWER_ENTRY			BIT,
@BORROW_BOOK			BIT,
@RETURN_BOOK			BIT,
@PAY_BOOK				BIT,
@BORROWER_REQUEST		BIT,
@USER_ACCOUNT			BIT,
@USER_ACCESS			BIT,
@USER_ROLE				BIT,
@IMPORT_EXPORT			BIT,
@RBOOK_LIST				BIT,
@RBORROWER_LIST			BIT,
@ROLE					NVARCHAR(15)

AS

INSERT INTO TBL_USERACCESS 
(BOOKDETAILS,BOOKENTRY,BOOKAUTHOR,BOOKCATEGORY,BOOKLOCATION,BOOKPOLICY,BORROWERDETAILS, 
 BORROWERENTRY,BORROWBOOK,RETURNBOOK,PAYBOOK,BORROWERREQUEST,USERACCOUNT,USERACCESS,USERROLE,
 IMPORTEXPORT , RBOOKLIST, RBORROWERLIST,[ROLE]) 
	VALUES (@BOOK_DETAILS,@BOOK_ENTRY,@BOOK_AUTHOR,@BOOK_CATEGORY,@BOOK_LOCATION,@BOOK_POLICY,
			@BORROWER_DETAILS,@BORROWER_ENTRY,@BORROW_BOOK,@RETURN_BOOK,@PAY_BOOK,@BORROWER_REQUEST,
			@USER_ACCOUNT,@USER_ACCESS,@USER_ROLE,@IMPORT_EXPORT,@RBOOK_LIST,@RBORROWER_LIST,@ROLE)
GO
/****** Object:  StoredProcedure [dbo].[SP_INSERT_BORROWER]    Script Date: 04/20/2020 22:32:03 ******/
SET ANSI_NULLS ON
GO
SET QUOTED_IDENTIFIER ON
GO
CREATE PROCEDURE [dbo].[SP_INSERT_BORROWER]
	@BORROWER_ID		nvarchar(50),
	@FIRST_NAME			nvarchar(50),
	@MIDDLE_NAME		nvarchar(50),
	@LAST_NAME			nvarchar(50),
	@DOB				nvarchar(10),
	@AGE				INT,
	@CONTACT_NO			nvarchar(15),
	@ADDRESS			nvarchar(200),
	@ADDED_DATE			nvarchar(10),
	@ADDED_BY			nvarchar(20),
	@MODIFIED_DATE		nvarchar(10),		
	@MODIFIED_BY		nvarchar(20),
	@PROFILE_PIC		nvarchar(max)
AS

IF NOT EXISTS(SELECT BORROWER_ID FROM TBL_BORROWER WHERE LTRIM(RTRIM(BORROWER_ID)) = @BORROWER_ID)
BEGIN
	INSERT INTO TBL_BORROWER
	SELECT @BORROWER_ID,@FIRST_NAME,@MIDDLE_NAME,@LAST_NAME,@DOB,@AGE,@CONTACT_NO,@ADDRESS,@ADDED_DATE,@ADDED_BY,@MODIFIED_DATE,@MODIFIED_BY,'ACTIVE',@PROFILE_PIC
END
GO
/****** Object:  StoredProcedure [dbo].[SP_INSERT_BOOK]    Script Date: 04/20/2020 22:32:03 ******/
SET ANSI_NULLS ON
GO
SET QUOTED_IDENTIFIER ON
GO
CREATE PROCEDURE [dbo].[SP_INSERT_BOOK]
	@ID					int,
	@BOOK_NO			nvarchar(15),
	@TITLE				nvarchar(100),
	@SUBJECT			nvarchar(100),
	@CATEGORY			nvarchar(50),
	@AUTHOR				nvarchar(50),
	@PUBLISH_DATE		nvarchar(10),
	@ISBN_NUMBER		nvarchar(50),
	@LOCATION			nvarchar(200),
	@BOOK_PRICE			decimal(6,2),
	@RENT_PRICE			decimal(6,2),
	@ADDED_DATE			nvarchar(10),	
	@ADDED_BY			nvarchar(50),
	@MODIFIED_DATE		nvarchar(10),
	@MODIFIED_BY		nvarchar(50)
	
AS

IF NOT EXISTS(SELECT ID FROM TBL_BOOKS WHERE LTRIM(RTRIM(BOOK_NO)) = @BOOK_NO AND LTRIM(RTRIM(ISBN_NUMBER)) = @ISBN_NUMBER)
BEGIN
	INSERT INTO TBL_BOOKS
	SELECT @ID,@BOOK_NO,@TITLE,@SUBJECT,@CATEGORY,@AUTHOR,@PUBLISH_DATE,@ISBN_NUMBER,@LOCATION,@BOOK_PRICE,@RENT_PRICE,@ADDED_DATE,@ADDED_BY,@MODIFIED_DATE,@MODIFIED_BY,'','ACTIVE'
END
GO
/****** Object:  StoredProcedure [dbo].[SP_GET_BORROWER]    Script Date: 04/20/2020 22:32:03 ******/
SET ANSI_NULLS ON
GO
SET QUOTED_IDENTIFIER ON
GO
CREATE PROCEDURE [dbo].[SP_GET_BORROWER]

@DATE_FROM		NVARCHAR(10),
@DATE_TO		NVARCHAR(10)

AS

SELECT * FROM TBL_BORROWER
GO
/****** Object:  StoredProcedure [dbo].[SP_GET_BOOK_AVAILABILITY]    Script Date: 04/20/2020 22:32:03 ******/
SET ANSI_NULLS ON
GO
SET QUOTED_IDENTIFIER ON
GO
CREATE PROCEDURE [dbo].[SP_GET_BOOK_AVAILABILITY]
@BOOK_ID		NVARCHAR(50)
AS

DECLARE @TBL_BOOK_ISBN TABLE
(
BOOK_ID			NVARCHAR(15),
BOOK_NO			NVARCHAR(15),
ISBN_NUMBER		NVARCHAR(20),
REMARKS			NVARCHAR(20),
[STATUS]		NVARCHAR(15),
RECORD_COUNT	INT IDENTITY(1,1)
)

DECLARE @REMARKS		NVARCHAR(20),
		@STATUS			NVARCHAR(15),		
		@BOOK_NO		NVARCHAR(15),
		@MIN			INT,
		@MAX			INT
		
		

INSERT INTO @TBL_BOOK_ISBN
SELECT ID,BOOK_NO,ISBN_NUMBER,REMARKS,[STATUS] FROM TBL_BOOKS WHERE ID = @BOOK_ID

SELECT	@MIN =  MIN(RECORD_COUNT),
		@MAX =  MAX(RECORD_COUNT) FROM @TBL_BOOK_ISBN
		
		
WHILE @MIN <= @MAX
BEGIN
	SET @BOOK_NO = (SELECT BOOK_NO FROM @TBL_BOOK_ISBN WHERE RECORD_COUNT = @MIN)
		
	SET @REMARKS = (SELECT [STATUS] FROM TBL_BOOKS WHERE [STATUS] = 'INACTIVE' AND LTRIM(RTRIM(BOOK_NO)) = LTRIM(RTRIM(@BOOK_NO)))
	IF @REMARKS IS NOT NULL GOTO JUMP_HERE
	SET @REMARKS = (SELECT [STATUS] FROM TBL_BORROWEDBOOKS WHERE [STATUS] = 'BORROWED' AND LTRIM(RTRIM(BOOK_NO)) = LTRIM(RTRIM(@BOOK_NO)))
	IF @REMARKS IS NOT NULL GOTO JUMP_HERE
	SET @REMARKS = (SELECT [STATUS] FROM TBL_BORROWERREQUEST WHERE [STATUS] = 'REQUEST' AND LTRIM(RTRIM(BOOK_NO)) = LTRIM(RTRIM(@BOOK_NO)))
	IF @REMARKS IS NOT NULL GOTO JUMP_HERE	
	
	IF @REMARKS IS NULL
	BEGIN
		SET @REMARKS = 'ACTIVE'
	END		
	
	JUMP_HERE:				
	UPDATE @TBL_BOOK_ISBN SET [STATUS] = @REMARKS WHERE BOOK_NO = @BOOK_NO	
	
	
	SET @MIN = @MIN + 1
END

SELECT * FROM @TBL_BOOK_ISBN
GO
/****** Object:  StoredProcedure [dbo].[SP_CHECKOUT_BOOK]    Script Date: 04/20/2020 22:32:03 ******/
SET ANSI_NULLS ON
GO
SET QUOTED_IDENTIFIER ON
GO
CREATE PROCEDURE [dbo].[SP_CHECKOUT_BOOK]
@BOOK_ID		NVARCHAR(50),
@BORROWER_ID	NVARCHAR(50),
@BOOK_NO		NVARCHAR(50),
@TITLE			NVARCHAR(50),
@SUBJECT		NVARCHAR(50),
@CATEGORY		NVARCHAR(50),
@AUTHOR			NVARCHAR(50),
@PUBLISH_DATE	NVARCHAR(10),
@ISBN_NUMBER	NVARCHAR(50),
@LOCATION		NVARCHAR(50),
@BOOK_PRICE		NVARCHAR(50),
@RENT_PRICE		NVARCHAR(10),
@DAYS_BORROWED	NVARCHAR(10),
@ADDED_DATE		NVARCHAR(10),
@ADDED_BY		NVARCHAR(50),
@TRANSACTION_NO	NVARCHAR(15)

AS

DECLARE @DUE_PENALTY		NVARCHAR(10),
		@LD_PENALTY			NVARCHAR(10)
		

SET @DUE_PENALTY = (SELECT DUE_PENALTY FROM TBL_POLICY)
SET @LD_PENALTY	 = (SELECT LOST_DAMAGE_INTEREST FROM TBL_POLICY)
		
		
		
INSERT INTO TBL_BORROWEDBOOKS 
	(BOOK_ID,BORROWER_ID,BOOK_NO,TITLE,[SUBJECT],CATEGORY,AUTHOR,PUBLISH_DATE,ISBN_NUMBER,LOCATION,BOOK_PRICE,RENT_PRICE,DUE_PENALTY_INTEREST,LOST_DAMAGE_INTEREST,DAYS_BORROWED,ADDED_DATE,ADDED_BY,TOTAL_AMOUNT,TRANSACTION_NO)
	VALUES
	(@BOOK_ID,@BORROWER_ID,@BOOK_NO,@TITLE,@SUBJECT,@CATEGORY,@AUTHOR,@PUBLISH_DATE,@ISBN_NUMBER,@LOCATION,@BOOK_PRICE,@RENT_PRICE,@DUE_PENALTY,@LD_PENALTY,@DAYS_BORROWED,@ADDED_DATE,@ADDED_BY,CAST(@RENT_PRICE AS DECIMAL(6,2)) * CAST(@DAYS_BORROWED AS DECIMAL(6,2)),@TRANSACTION_NO)
	
	
	UPDATE TBL_BORROWERREQUEST SET [STATUS] = 'SETTLED', MODIFIED_DATE = @ADDED_DATE,
		MODIFIED_BY = @ADDED_BY
		WHERE BORROWER_ID = @BORROWER_ID
		AND BOOK_NO = @BOOK_NO
GO
/****** Object:  StoredProcedure [dbo].[SP_ADJUST_BOOK]    Script Date: 04/20/2020 22:32:03 ******/
SET ANSI_NULLS ON
GO
SET QUOTED_IDENTIFIER ON
GO
CREATE PROCEDURE [dbo].[SP_ADJUST_BOOK]
	@ID					int,
	@BOOK_NO			nvarchar(50),
	@TITLE				nvarchar(50),
	@SUBJECT			nvarchar(50),
	@CATEGORY			nvarchar(50),
	@AUTHOR				nvarchar(50),
	@PUBLISH_DATE		nvarchar(10),
	@LOCATION			nvarchar(50),
	@BOOK_PRICE			decimal(6,2),
	@RENT_PRICE			decimal(6,2),	
	@ISBN_NUMBER		nvarchar(50),	
	@MODIFIED_DATE		nvarchar(10),
	@MODIFIED_BY		nvarchar(50),	
	@REMARKS			nvarchar(50),
	@STATUS				nvarchar(50)
AS

BEGIN
	IF EXISTS(SELECT ID FROM TBL_BOOKS WHERE ID = @ID)
	BEGIN
		UPDATE TBL_BOOKS	SET [STATUS]			= @STATUS,
								TITLE				= @TITLE,
								[SUBJECT]			= @SUBJECT,
								CATEGORY			= @CATEGORY,
								AUTHOR				= @AUTHOR,
								PUBLISH_DATE		= @PUBLISH_DATE,
								LOCATION			= @LOCATION,
								BOOK_PRICE			= @BOOK_PRICE,
								RENT_PRICE			= @RENT_PRICE,
								REMARKS				= @REMARKS,
								MODIFIED_DATE		= @MODIFIED_DATE,
								MODIFIED_BY			= @MODIFIED_BY
								WHERE ID			= @ID 
								AND BOOK_NO			= @BOOK_NO
								
	END														
END

BEGIN
	UPDATE	TBL_BORROWEDBOOKS	SET [STATUS]	= 'INACTIVE', 
									REMARKS		= @REMARKS
			WHERE BOOK_ID = @ID AND BOOK_NO = @BOOK_NO				
END
GO
/****** Object:  Default [DF_tbl_Party_STATUS]    Script Date: 04/20/2020 22:31:50 ******/
ALTER TABLE [dbo].[tbl_Author] ADD  CONSTRAINT [DF_tbl_Party_STATUS]  DEFAULT (N'ACTIVE') FOR [STATUS]
GO
/****** Object:  Default [DF_tbl_Books_STATUS]    Script Date: 04/20/2020 22:31:50 ******/
ALTER TABLE [dbo].[tbl_Books] ADD  CONSTRAINT [DF_tbl_Books_STATUS]  DEFAULT (N'ACTIVE') FOR [STATUS]
GO
/****** Object:  Default [DF_tbl_BorrowedBooks_STATUS]    Script Date: 04/20/2020 22:31:50 ******/
ALTER TABLE [dbo].[tbl_BorrowedBooks] ADD  CONSTRAINT [DF_tbl_BorrowedBooks_STATUS]  DEFAULT (N'BORROWED') FOR [STATUS]
GO
/****** Object:  Default [DF_tbl_Students_STATUS]    Script Date: 04/20/2020 22:31:50 ******/
ALTER TABLE [dbo].[tbl_Borrower] ADD  CONSTRAINT [DF_tbl_Students_STATUS]  DEFAULT (N'Active') FOR [STATUS]
GO
/****** Object:  Default [DF_tbl_BorrowerRequest_STATUS]    Script Date: 04/20/2020 22:31:50 ******/
ALTER TABLE [dbo].[tbl_BorrowerRequest] ADD  CONSTRAINT [DF_tbl_BorrowerRequest_STATUS]  DEFAULT (N'BORROWED') FOR [STATUS]
GO
/****** Object:  Default [DF_tbl_Position_STATUS]    Script Date: 04/20/2020 22:31:50 ******/
ALTER TABLE [dbo].[tbl_Category] ADD  CONSTRAINT [DF_tbl_Position_STATUS]  DEFAULT (N'ACTIVE') FOR [STATUS]
GO
/****** Object:  Default [DF_tbl_User_STATUS]    Script Date: 04/20/2020 22:31:50 ******/
ALTER TABLE [dbo].[tbl_User] ADD  CONSTRAINT [DF_tbl_User_STATUS]  DEFAULT (N'ACTIVE') FOR [STATUS]
GO
/****** Object:  Default [DF_tbl_UserAcess_BookDetails]    Script Date: 04/20/2020 22:31:50 ******/
ALTER TABLE [dbo].[tbl_UserAccess] ADD  CONSTRAINT [DF_tbl_UserAcess_BookDetails]  DEFAULT ((0)) FOR [BookDetails]
GO
/****** Object:  Default [DF_tbl_UserAcess_BookEntry]    Script Date: 04/20/2020 22:31:50 ******/
ALTER TABLE [dbo].[tbl_UserAccess] ADD  CONSTRAINT [DF_tbl_UserAcess_BookEntry]  DEFAULT ((0)) FOR [BookEntry]
GO
/****** Object:  Default [DF_tbl_UserAcess_BookAuthor]    Script Date: 04/20/2020 22:31:50 ******/
ALTER TABLE [dbo].[tbl_UserAccess] ADD  CONSTRAINT [DF_tbl_UserAcess_BookAuthor]  DEFAULT ((0)) FOR [BookAuthor]
GO
/****** Object:  Default [DF_tbl_UserAcess_BookCategory]    Script Date: 04/20/2020 22:31:50 ******/
ALTER TABLE [dbo].[tbl_UserAccess] ADD  CONSTRAINT [DF_tbl_UserAcess_BookCategory]  DEFAULT ((0)) FOR [BookCategory]
GO
/****** Object:  Default [DF_tbl_UserAcess_BookLocation]    Script Date: 04/20/2020 22:31:50 ******/
ALTER TABLE [dbo].[tbl_UserAccess] ADD  CONSTRAINT [DF_tbl_UserAcess_BookLocation]  DEFAULT ((0)) FOR [BookLocation]
GO
/****** Object:  Default [DF_tbl_UserAcess_BookPolicy]    Script Date: 04/20/2020 22:31:50 ******/
ALTER TABLE [dbo].[tbl_UserAccess] ADD  CONSTRAINT [DF_tbl_UserAcess_BookPolicy]  DEFAULT ((0)) FOR [BookPolicy]
GO
/****** Object:  Default [DF_tbl_UserAcess_BorrowerDetails]    Script Date: 04/20/2020 22:31:50 ******/
ALTER TABLE [dbo].[tbl_UserAccess] ADD  CONSTRAINT [DF_tbl_UserAcess_BorrowerDetails]  DEFAULT ((0)) FOR [BorrowerDetails]
GO
/****** Object:  Default [DF_tbl_UserAcess_BorrowerEntry]    Script Date: 04/20/2020 22:31:50 ******/
ALTER TABLE [dbo].[tbl_UserAccess] ADD  CONSTRAINT [DF_tbl_UserAcess_BorrowerEntry]  DEFAULT ((0)) FOR [BorrowerEntry]
GO
/****** Object:  Default [DF_tbl_UserAcess_BorrowBook]    Script Date: 04/20/2020 22:31:50 ******/
ALTER TABLE [dbo].[tbl_UserAccess] ADD  CONSTRAINT [DF_tbl_UserAcess_BorrowBook]  DEFAULT ((0)) FOR [BorrowBook]
GO
/****** Object:  Default [DF_tbl_UserAcess_ReturnBook]    Script Date: 04/20/2020 22:31:50 ******/
ALTER TABLE [dbo].[tbl_UserAccess] ADD  CONSTRAINT [DF_tbl_UserAcess_ReturnBook]  DEFAULT ((0)) FOR [ReturnBook]
GO
/****** Object:  Default [DF_tbl_UserAcess_PayBook]    Script Date: 04/20/2020 22:31:50 ******/
ALTER TABLE [dbo].[tbl_UserAccess] ADD  CONSTRAINT [DF_tbl_UserAcess_PayBook]  DEFAULT ((0)) FOR [PayBook]
GO
/****** Object:  Default [DF_tbl_UserAcess_BorrowerRequest]    Script Date: 04/20/2020 22:31:50 ******/
ALTER TABLE [dbo].[tbl_UserAccess] ADD  CONSTRAINT [DF_tbl_UserAcess_BorrowerRequest]  DEFAULT ((0)) FOR [BorrowerRequest]
GO
/****** Object:  Default [DF_tbl_UserAcess_UserAccount]    Script Date: 04/20/2020 22:31:50 ******/
ALTER TABLE [dbo].[tbl_UserAccess] ADD  CONSTRAINT [DF_tbl_UserAcess_UserAccount]  DEFAULT ((0)) FOR [UserAccount]
GO
/****** Object:  Default [DF_tbl_UserAcess_UserAccess]    Script Date: 04/20/2020 22:31:50 ******/
ALTER TABLE [dbo].[tbl_UserAccess] ADD  CONSTRAINT [DF_tbl_UserAcess_UserAccess]  DEFAULT ((0)) FOR [UserAccess]
GO
/****** Object:  Default [DF_tbl_UserAcess_UserRole]    Script Date: 04/20/2020 22:31:50 ******/
ALTER TABLE [dbo].[tbl_UserAccess] ADD  CONSTRAINT [DF_tbl_UserAcess_UserRole]  DEFAULT ((0)) FOR [UserRole]
GO
